requirement_id,dimension_id,dimension_name,requirement,authoritative_basis,local_evidence_paths,verification_method,pass_rule,fail_rule,blocked_rule,aggregation_role,design_status
ST08-REQ-01,D01,mission_and_scope,"The current project purpose remains the bounded audit of evidence for an experimental ML claim, not a universal model-ranking claim.","roadmap.md §1; stage_01_project_scope.md §§3-8; NIST AI RMF MAP 1.1 and MANAGE 1.1","roadmap.md|docs/stages/stage_01_project_scope.md|configs/claims/miniboone_hgb_vs_logreg_claim_v01.csv",documentary_semantic_trace,"Purpose, scope, exclusions, and claim boundary agree in all current sources.","Any current source asserts a broader or conflicting purpose.","A required current source is missing or cannot be interpreted without an owner decision.",mandatory,NOT_EVALUATED
ST08-REQ-02,D01,mission_and_scope,"Stages 1-7 and their accepted outcomes are traceable to the present project state.","ISO/IEC/IEEE 15288:2023; NASA NPR 7123.1D Chapter 5","roadmap.md|docs/stages/stage_01_project_scope.md|docs/stages/stage_02_data_and_candidate_selection.md|docs/stages/stage_03_diagnostic_experiments.md|docs/stages/stage_04_primary_candidate_validation.md|docs/stages/stage_05_claim_audit_protocol.md|docs/stages/stage_06_packaging_and_publication.md|docs/stages/stage_07_code_modularization.md",requirements_traceability_matrix,"Every stage has an identifiable objective, disposition, and current evidence link with no unresolved contradiction.","At least one stage lacks a disposition/evidence link or contradicts the current state.","A required historical decision cannot be recovered from registered evidence.",mandatory,NOT_EVALUATED
ST08-REQ-03,D01,mission_and_scope,"Deferred outputs such as CLI, dashboard, bilingual documentation, and public repository are classified as required, optional, deferred, or out of current scope by John-approved criteria.","ISO/IEC/IEEE 29148:2018; NIST requirements verification characteristics","docs/stages/stage_01_project_scope.md|roadmap.md",requirements_classification_review,"Each named output has one unambiguous disposition and acceptance consequence.","An output is silently treated as complete, irrelevant, or required without a registered disposition.","John ownership or intended MVP boundary is materially ambiguous.",mandatory,NOT_EVALUATED
ST08-REQ-04,D02,scientific_evidence,"The canonical chain claim to protocol/config to execution evidence to verdict is complete and path-valid.","NIST AI RMF MEASURE; National Academies reproducibility guidance","configs/claims/miniboone_hgb_vs_logreg_claim_v01.csv|data_registry/openml_miniboone_stage05_current_effect_readout.csv|docs/stages/stage_05_claim_audit_protocol.md",scientific_traceability_check,"All mandatory chain elements exist, resolve, and preserve the registered bounded interpretation.","Any mandatory element is missing, points to an obsolete artifact, or changes verdict meaning.","A necessary provenance link cannot be established from registered files.",mandatory,NOT_EVALUATED
ST08-REQ-05,D02,scientific_evidence,"Registered seeds, split geometry, metric direction, schemas, rounding semantics, verdict policy, and canonical numeric artifacts remain internally consistent.","NIST AI RMF MEASURE; NIST SP 500-234","configs/model_spaces/|configs/stress_tests/|configs/verdict_policies/|data_registry/",schema_key_relation_and_hash_validation,"All registered invariants and protected hashes pass exact or contract-defined validation.","Any registered invariant is violated or an unexplained scientific artifact mismatch exists.","The original environment/provenance is insufficient for a required exact comparison and no valid disposition exists.",mandatory,NOT_EVALUATED
ST08-REQ-06,D02,scientific_evidence,"Public scientific language states the observed scope, uncertainty, limitations, and computational-cost disclosure without converting local evidence into universal superiority.","NIST AI RMF MAP and MEASURE; Stage 6 public-claim contract","docs/stages/stage_05_claim_audit_protocol.md|docs/stages/stage_06_packaging_and_publication.md|roadmap.md",claim_language_and_limitation_review,"Every public-facing current formulation includes the required bounded scope and disclosures.","A current formulation omits a mandatory limitation or implies universal superiority.","No authoritative current public formulation has yet been designated.",mandatory,NOT_EVALUATED
ST08-REQ-07,D03,software_verification,"Critical Stage 5 computation and verdict-policy logic has a supported modular implementation, while notebooks remain thin orchestration.","ISO/IEC 25010:2023; NIST SP 500-234","src/mlcra/|notebooks/04_dataset_smoke_experiments.ipynb|docs/stages/stage_07_code_modularization.md",ast_api_and_traceability_inspection,"All critical registered operations map to module contracts and orchestration cells contain no unapproved top-level implementation.","Critical logic remains notebook-only or a supported contract is absent.","Criticality or ownership of a discovered helper is materially ambiguous.",mandatory,NOT_EVALUATED
ST08-REQ-08,D03,software_verification,"Syntax, schemas, notebooks, deterministic fixtures, negative mutations, historical regressions, and cumulative pilot pass without weakened requirements.","NIST IR 8397; NIST SP 500-234","scripts/agent_verify.py|src/mlcra/|notebooks/|configs/|data_registry/",automated_cumulative_verification,"The registered baseline, focused checks, and full cumulative pilot all return PASS with no FAIL/BLOCKED.","Any required check returns FAIL or a requirement was weakened to obtain PASS.","A required check cannot execute because a prerequisite is unavailable.",mandatory,NOT_EVALUATED
ST08-REQ-09,D03,software_verification,"The supported software interface and unsupported research-only interfaces are explicitly distinguished.","ISO/IEC 25010:2023; ISO/IEC/IEEE 29148:2018","src/mlcra/|scripts/|notebooks/|docs/stages/stage_06_packaging_and_publication.md",interface_inventory_and_contract_review,"Every externally described interface is implemented, tested, and labelled supported; research-only interfaces are labelled accordingly.","An externally described interface is absent, untested, or conflicts with its implementation.","The intended supported interface requires a John scope decision.",mandatory,NOT_EVALUATED
ST08-REQ-10,D04,reproducibility_and_provenance,"A fresh qualified environment can be reconstructed from versioned dependency and Python constraints.","National Academies reproducibility guidance; Python Packaging User Guide","pyproject.toml|requirements.txt|environment.yml|data_registry/*environment*.csv",clean_environment_reconstruction,"A declared environment specification installs in a clean environment and reports compatible registered versions.","No usable specification exists or clean reconstruction fails for an in-scope reason.","Required package infrastructure or offline dependency material is unavailable.",mandatory,NOT_EVALUATED
ST08-REQ-11,D04,reproducibility_and_provenance,"A documented command reproduces the supported smoke or audit path with registered inputs and no hidden network dependency.","National Academies reproducibility guidance; NIST SSDF PS.3","README.md|docs/stages/stage_06_packaging_and_publication.md|scripts/|data_registry/",fresh_process_reproduction,"The documented command succeeds from a clean copy using declared inputs and produces contract-valid outputs.","The command is absent, fails, uses undeclared inputs, or silently requires network access.","An authorized expensive run or unavailable external resource is indispensable.",mandatory,NOT_EVALUATED
ST08-REQ-12,D04,reproducibility_and_provenance,"Canonical artifacts, checkpoints, environment, numeric backend, and source provenance are integrity-bound and independently checkable.","NIST SSDF PS.2 and PS.3; NASA requirements traceability practice","data_registry/|configs/runtime/|docs/agent/|C:/Users/Vanargo/Downloads/ml-cra_v51.zip",hash_manifest_provenance_and_archive_validation,"Required hashes, provenance fields, archive inventory, uniqueness, and exclusions validate exactly.","A required hash/provenance mismatch, duplicate, omission, or forbidden cache artifact exists.","An external checkpoint required by a registered gate is inaccessible.",mandatory,NOT_EVALUATED
ST08-REQ-13,D05,documentation_and_usability,"A root entry document identifies purpose, bounded claim, prerequisites, supported workflow, evidence, limitations, and status.","ISO/IEC/IEEE 29148:2018; ISO/IEC 25010:2023","README.md|roadmap.md|docs/stages/",documentation_content_review,"A current root entry document contains all mandatory sections with valid paths.","The document is absent, materially incomplete, misleading, or references obsolete paths.","John has not selected the intended external audience or language policy where that changes content.",mandatory,NOT_EVALUATED
ST08-REQ-14,D05,documentation_and_usability,"Installation, verification, reproduction, and troubleshooting instructions are executable and mutually consistent.","ISO/IEC 25010:2023; NIST SP 500-234","README.md|docs/stages/stage_06_packaging_and_publication.md|scripts/agent_verify.py",instruction_walkthrough_and_command_test,"Every required instruction is complete and its command succeeds in the declared context.","A mandatory instruction is absent, contradictory, or fails when followed.","Execution depends on an unavailable prerequisite outside the authorized environment.",mandatory,NOT_EVALUATED
ST08-REQ-15,D05,documentation_and_usability,"Current normative documentation is separated from historical records and uses exact repository-relative paths and bounded terminology.","ISO/IEC/IEEE 15289 linkage from ISO/IEC/IEEE 15288:2023; ML-CRA working contract","roadmap.md|docs/stages/|docs/archive/",documentary_consistency_and_link_check,"All current paths resolve, historical material is labelled, and normative/current statements do not conflict.","A broken current path, unlabeled historical assertion, or normative contradiction exists.","The owner must resolve two equally authoritative but conflicting decisions.",mandatory,NOT_EVALUATED
ST08-REQ-16,D06,packaging_and_distribution,"If ML-CRA is to be distributed as a Python package, standardized build and project metadata explicitly define name, version, Python requirement, dependencies, and package contents; otherwise distribution is explicitly not claimed.","Python Packaging User Guide pyproject.toml specification","pyproject.toml|src/mlcra/|roadmap.md",packaging_metadata_or_explicit_non_distribution_review,"Either valid standardized metadata builds the intended package or current documentation explicitly limits the project to a non-distributed research snapshot.","Distribution is claimed without valid metadata/build, or metadata omits a mandatory declared property.","John has not decided whether Python-package distribution is a current release target.",mandatory,NOT_EVALUATED
ST08-REQ-17,D06,packaging_and_distribution,"Any claimed distribution artifact installs into a clean environment and imports/runs the supported interface.","Python Packaging User Guide packaging flow; ISO/IEC 25040:2024","dist/|pyproject.toml|src/mlcra/",build_install_import_smoke_test,"A freshly built artifact installs and its supported smoke command passes without workspace leakage.","A claimed artifact cannot be built, installed, imported, or executed as documented.","No distribution artifact is required because John approved a non-distributed release class.",conditional,NOT_EVALUATED
ST08-REQ-18,D06,packaging_and_distribution,"Release inventory excludes environments, caches, temporary/candidate outputs, secrets, and unregistered local analytics while including every required artifact.","NIST SSDF PS.2 and PS.3; ML-CRA checkpoint rules","docs/agent/|data_registry/|release_or_checkpoint_archive",archive_allowlist_denylist_and_secret_scan,"Inventory is unique, complete, hash-bound, and contains no forbidden or secret-bearing file.","A required file is missing or a forbidden, duplicate, temporary, or secret-bearing file is present.","The intended release class and corresponding required inventory are not yet approved.",mandatory,NOT_EVALUATED
ST08-REQ-19,D07,legal_and_citation,"The repository has an explicit John-approved license consistent with any open-source claim, or it explicitly states that redistribution rights are not granted.","GitHub Docs licensing a repository; Python Packaging User Guide licensing guidance","LICENSE|LICENSE.txt|LICENSE.md|README.md|pyproject.toml",license_presence_consistency_and_owner_decision,"License text and metadata are present and consistent, or the approved non-open status is explicit.","Open-source or redistribution is claimed without a compatible license, or license declarations conflict.","Only John can choose the project license or non-open distribution policy.",mandatory,NOT_EVALUATED
ST08-REQ-20,D07,legal_and_citation,"Dataset source, license/terms, citation, and redistribution constraints are documented for every externally distributed data-related artifact.","OpenML terms/metadata; Stage 2 dataset admission contract","docs/dataset_selection/|data_registry/dataset_candidate_registry.csv|release_or_checkpoint_archive",dataset_provenance_license_and_distribution_review,"Every included dataset-derived artifact has traceable source/terms and an allowed distribution disposition.","An included artifact lacks provenance/terms or violates a documented distribution constraint.","The authoritative dataset license or redistribution permission cannot be established.",mandatory,NOT_EVALUATED
ST08-REQ-21,D07,legal_and_citation,"Software and scientific outputs have machine-readable citation metadata or an explicitly approved alternative citation instruction.","Citation File Format 1.2.0 documentation; FORCE11 software citation principles","CITATION.cff|README.md|docs/stages/stage_06_packaging_and_publication.md",citation_schema_and_content_validation,"Citation metadata validates and identifies creators, title, version/status, and preferred citation, or an approved alternative is complete.","External scientific release is claimed without usable citation metadata/instructions.","Creator identity, preferred citation, or release identifier requires John input.",mandatory,NOT_EVALUATED
ST08-REQ-22,D08,governance_security_and_release,"Release-relevant security risks, dependency risks, secrets, and provenance controls are assessed with recorded dispositions.","NIST SP 800-218 SSDF; NIST IR 8397","src/|scripts/|pyproject.toml|requirements.txt|release_or_checkpoint_archive",risk_review_static_checks_secret_scan_and_provenance_check,"Applicable checks pass and every finding has an accepted disposition or bounded non-release classification.","An unmitigated release-blocking finding exists or a required control is absent.","A necessary scanner/advisory source is unavailable and risk cannot be bounded locally.",mandatory,NOT_EVALUATED
ST08-REQ-23,D08,governance_security_and_release,"All FAIL, BLOCKED, SKIPPED, deferred outputs, known limitations, and residual risks are registered with owner and disposition before a release decision.","NASA NPR 7123.1D review completion; NIST AI RMF MANAGE","roadmap.md|docs/stages/stage_08_project_completion_and_release_readiness.md|data_registry/stage08_project_completion_and_release_readiness_audit_evidence_v01.json",open_item_and_residual_risk_reconciliation,"No finding is silent; every non-PASS item has severity, owner, consequence, and accepted disposition/plan.","A release-blocking item is unresolved or an observed finding is omitted.","A required disposition is reserved for John and has not been provided.",mandatory,NOT_EVALUATED
ST08-REQ-24,D08,governance_security_and_release,"Project completion and release readiness are decided separately by an explicit fail-closed aggregation and John acceptance.","NIST AI RMF MANAGE 1.1; NASA NPR 7123.1D §5.2.3; ISO/IEC 25040:2024","configs/project_readiness/stage08_project_completion_and_release_readiness_requirements_v01.csv|data_registry/stage08_project_completion_and_release_readiness_audit_evidence_v01.json|roadmap.md",independent_recalculation_of_dimension_and_aggregate_verdicts,"All dimension and aggregate verdicts recompute exactly and John separately accepts any transition/release decision.","An aggregate is overstated, dimensions are conflated, or release proceeds without John decision.","One or more mandatory requirements is BLOCKED/NOT_EVALUATED or John decision is pending.",mandatory,NOT_EVALUATED
