protocol_id,candidate_id,openml_dataset_id,dataset_name,target_name,target_class_0,target_class_1,positive_class_assumption,outer_split_number,outer_repeat_number,outer_fold_number,outer_cv_n_splits,outer_cv_n_repeats,inner_cv_n_splits,model_id,model_role,selected_parameter_set_id,selected_params_json,feature_policy_id,feature_count,feature_names,n_train,n_test,train_positive_share,test_positive_share,roc_auc,average_precision,pr_auc,f1,balanced_accuracy,log_loss,brier_score,fit_seconds,predict_seconds,row_status,interpretation_allowed
miniboone_nested_cv_v01,openml_miniboone_41150,41150,MiniBooNE,signal,False,True,True,1,1,1,5,2,3,hist_gradient_boosting,tuned_candidate,hgb_b5168b128e78,"{""l2_regularization"": 0.0, ""learning_rate"": 0.1, ""max_iter"": 150, ""max_leaf_nodes"": 63}",numeric_particleid_0_49_locked,50,ParticleID_0; ParticleID_1; ParticleID_2; ParticleID_3; ParticleID_4; ParticleID_5; ParticleID_6; ParticleID_7; ParticleID_8; ParticleID_9; ParticleID_10; ParticleID_11; ParticleID_12; ParticleID_13; ParticleID_14; ParticleID_15; ParticleID_16; ParticleID_17; ParticleID_18; ParticleID_19; ParticleID_20; ParticleID_21; ParticleID_22; ParticleID_23; ParticleID_24; ParticleID_25; ParticleID_26; ParticleID_27; ParticleID_28; ParticleID_29; ParticleID_30; ParticleID_31; ParticleID_32; ParticleID_33; ParticleID_34; ParticleID_35; ParticleID_36; ParticleID_37; ParticleID_38; ParticleID_39; ParticleID_40; ParticleID_41; ParticleID_42; ParticleID_43; ParticleID_44; ParticleID_45; ParticleID_46; ParticleID_47; ParticleID_48; ParticleID_49,104051,26013,0.28062200267176673,0.2806289163110752,0.9839710361780579,0.9563547384495451,0.9563547384495451,0.8973698481561823,0.9310989100683797,0.144375040164541,0.04255211916900973,351.128527,1.169038,nested_research_draft,limited_nested_protocol_review_only
miniboone_nested_cv_v01,openml_miniboone_41150,41150,MiniBooNE,signal,False,True,True,1,1,1,5,2,,dummy_prior,control,not_applicable_control_model,,numeric_particleid_0_49_locked,50,ParticleID_0; ParticleID_1; ParticleID_2; ParticleID_3; ParticleID_4; ParticleID_5; ParticleID_6; ParticleID_7; ParticleID_8; ParticleID_9; ParticleID_10; ParticleID_11; ParticleID_12; ParticleID_13; ParticleID_14; ParticleID_15; ParticleID_16; ParticleID_17; ParticleID_18; ParticleID_19; ParticleID_20; ParticleID_21; ParticleID_22; ParticleID_23; ParticleID_24; ParticleID_25; ParticleID_26; ParticleID_27; ParticleID_28; ParticleID_29; ParticleID_30; ParticleID_31; ParticleID_32; ParticleID_33; ParticleID_34; ParticleID_35; ParticleID_36; ParticleID_37; ParticleID_38; ParticleID_39; ParticleID_40; ParticleID_41; ParticleID_42; ParticleID_43; ParticleID_44; ParticleID_45; ParticleID_46; ParticleID_47; ParticleID_48; ParticleID_49,104051,26013,0.28062200267176673,0.2806289163110752,0.5,0.2806289163110752,0.2806289163110752,0.0,0.5,0.5935463243336803,0.20187632768894515,0.004381,0.030406,nested_research_draft,limited_nested_protocol_review_only
miniboone_nested_cv_v01,openml_miniboone_41150,41150,MiniBooNE,signal,False,True,True,1,1,1,5,2,,logistic_regression,control,not_applicable_control_model,,numeric_particleid_0_49_locked,50,ParticleID_0; ParticleID_1; ParticleID_2; ParticleID_3; ParticleID_4; ParticleID_5; ParticleID_6; ParticleID_7; ParticleID_8; ParticleID_9; ParticleID_10; ParticleID_11; ParticleID_12; ParticleID_13; ParticleID_14; ParticleID_15; ParticleID_16; ParticleID_17; ParticleID_18; ParticleID_19; ParticleID_20; ParticleID_21; ParticleID_22; ParticleID_23; ParticleID_24; ParticleID_25; ParticleID_26; ParticleID_27; ParticleID_28; ParticleID_29; ParticleID_30; ParticleID_31; ParticleID_32; ParticleID_33; ParticleID_34; ParticleID_35; ParticleID_36; ParticleID_37; ParticleID_38; ParticleID_39; ParticleID_40; ParticleID_41; ParticleID_42; ParticleID_43; ParticleID_44; ParticleID_45; ParticleID_46; ParticleID_47; ParticleID_48; ParticleID_49,104051,26013,0.28062200267176673,0.2806289163110752,0.9367205458954988,0.8620857752893892,0.8620857752893892,0.7747297197911304,0.83323244993408,0.2901352130712198,0.08738047217054912,3.835527,0.079401,nested_research_draft,limited_nested_protocol_review_only
miniboone_nested_cv_v01,openml_miniboone_41150,41150,MiniBooNE,signal,False,True,True,2,1,2,5,2,3,hist_gradient_boosting,tuned_candidate,hgb_b5168b128e78,"{""l2_regularization"": 0.0, ""learning_rate"": 0.1, ""max_iter"": 150, ""max_leaf_nodes"": 63}",numeric_particleid_0_49_locked,50,ParticleID_0; ParticleID_1; ParticleID_2; ParticleID_3; ParticleID_4; ParticleID_5; ParticleID_6; ParticleID_7; ParticleID_8; ParticleID_9; ParticleID_10; ParticleID_11; ParticleID_12; ParticleID_13; ParticleID_14; ParticleID_15; ParticleID_16; ParticleID_17; ParticleID_18; ParticleID_19; ParticleID_20; ParticleID_21; ParticleID_22; ParticleID_23; ParticleID_24; ParticleID_25; ParticleID_26; ParticleID_27; ParticleID_28; ParticleID_29; ParticleID_30; ParticleID_31; ParticleID_32; ParticleID_33; ParticleID_34; ParticleID_35; ParticleID_36; ParticleID_37; ParticleID_38; ParticleID_39; ParticleID_40; ParticleID_41; ParticleID_42; ParticleID_43; ParticleID_44; ParticleID_45; ParticleID_46; ParticleID_47; ParticleID_48; ParticleID_49,104051,26013,0.28062200267176673,0.2806289163110752,0.9850871198617326,0.9597174820751314,0.9597174820751314,0.9022352061960731,0.9339801134512744,0.13920291125388748,0.04096069144866867,335.639606,1.096687,nested_research_draft,limited_nested_protocol_review_only
miniboone_nested_cv_v01,openml_miniboone_41150,41150,MiniBooNE,signal,False,True,True,2,1,2,5,2,,dummy_prior,control,not_applicable_control_model,,numeric_particleid_0_49_locked,50,ParticleID_0; ParticleID_1; ParticleID_2; ParticleID_3; ParticleID_4; ParticleID_5; ParticleID_6; ParticleID_7; ParticleID_8; ParticleID_9; ParticleID_10; ParticleID_11; ParticleID_12; ParticleID_13; ParticleID_14; ParticleID_15; ParticleID_16; ParticleID_17; ParticleID_18; ParticleID_19; ParticleID_20; ParticleID_21; ParticleID_22; ParticleID_23; ParticleID_24; ParticleID_25; ParticleID_26; ParticleID_27; ParticleID_28; ParticleID_29; ParticleID_30; ParticleID_31; ParticleID_32; ParticleID_33; ParticleID_34; ParticleID_35; ParticleID_36; ParticleID_37; ParticleID_38; ParticleID_39; ParticleID_40; ParticleID_41; ParticleID_42; ParticleID_43; ParticleID_44; ParticleID_45; ParticleID_46; ParticleID_47; ParticleID_48; ParticleID_49,104051,26013,0.28062200267176673,0.2806289163110752,0.5,0.2806289163110752,0.2806289163110752,0.0,0.5,0.5935463243336803,0.20187632768894515,0.004891,0.029392,nested_research_draft,limited_nested_protocol_review_only
miniboone_nested_cv_v01,openml_miniboone_41150,41150,MiniBooNE,signal,False,True,True,2,1,2,5,2,,logistic_regression,control,not_applicable_control_model,,numeric_particleid_0_49_locked,50,ParticleID_0; ParticleID_1; ParticleID_2; ParticleID_3; ParticleID_4; ParticleID_5; ParticleID_6; ParticleID_7; ParticleID_8; ParticleID_9; ParticleID_10; ParticleID_11; ParticleID_12; ParticleID_13; ParticleID_14; ParticleID_15; ParticleID_16; ParticleID_17; ParticleID_18; ParticleID_19; ParticleID_20; ParticleID_21; ParticleID_22; ParticleID_23; ParticleID_24; ParticleID_25; ParticleID_26; ParticleID_27; ParticleID_28; ParticleID_29; ParticleID_30; ParticleID_31; ParticleID_32; ParticleID_33; ParticleID_34; ParticleID_35; ParticleID_36; ParticleID_37; ParticleID_38; ParticleID_39; ParticleID_40; ParticleID_41; ParticleID_42; ParticleID_43; ParticleID_44; ParticleID_45; ParticleID_46; ParticleID_47; ParticleID_48; ParticleID_49,104051,26013,0.28062200267176673,0.2806289163110752,0.9404138541150426,0.8685211206996868,0.8685211206996868,0.7730533165717666,0.831401183266486,0.2844798572199091,0.08509890260428134,3.246511,0.076487,nested_research_draft,limited_nested_protocol_review_only
miniboone_nested_cv_v01,openml_miniboone_41150,41150,MiniBooNE,signal,False,True,True,3,1,3,5,2,3,hist_gradient_boosting,tuned_candidate,hgb_b5168b128e78,"{""l2_regularization"": 0.0, ""learning_rate"": 0.1, ""max_iter"": 150, ""max_leaf_nodes"": 63}",numeric_particleid_0_49_locked,50,ParticleID_0; ParticleID_1; ParticleID_2; ParticleID_3; ParticleID_4; ParticleID_5; ParticleID_6; ParticleID_7; ParticleID_8; ParticleID_9; ParticleID_10; ParticleID_11; ParticleID_12; ParticleID_13; ParticleID_14; ParticleID_15; ParticleID_16; ParticleID_17; ParticleID_18; ParticleID_19; ParticleID_20; ParticleID_21; ParticleID_22; ParticleID_23; ParticleID_24; ParticleID_25; ParticleID_26; ParticleID_27; ParticleID_28; ParticleID_29; ParticleID_30; ParticleID_31; ParticleID_32; ParticleID_33; ParticleID_34; ParticleID_35; ParticleID_36; ParticleID_37; ParticleID_38; ParticleID_39; ParticleID_40; ParticleID_41; ParticleID_42; ParticleID_43; ParticleID_44; ParticleID_45; ParticleID_46; ParticleID_47; ParticleID_48; ParticleID_49,104051,26013,0.28062200267176673,0.2806289163110752,0.9859230964628648,0.9624413381406594,0.9624413381406594,0.9044507962433647,0.9351241609927609,0.1362336065700937,0.04023392273752418,343.109412,1.204235,nested_research_draft,limited_nested_protocol_review_only
miniboone_nested_cv_v01,openml_miniboone_41150,41150,MiniBooNE,signal,False,True,True,3,1,3,5,2,,dummy_prior,control,not_applicable_control_model,,numeric_particleid_0_49_locked,50,ParticleID_0; ParticleID_1; ParticleID_2; ParticleID_3; ParticleID_4; ParticleID_5; ParticleID_6; ParticleID_7; ParticleID_8; ParticleID_9; ParticleID_10; ParticleID_11; ParticleID_12; ParticleID_13; ParticleID_14; ParticleID_15; ParticleID_16; ParticleID_17; ParticleID_18; ParticleID_19; ParticleID_20; ParticleID_21; ParticleID_22; ParticleID_23; ParticleID_24; ParticleID_25; ParticleID_26; ParticleID_27; ParticleID_28; ParticleID_29; ParticleID_30; ParticleID_31; ParticleID_32; ParticleID_33; ParticleID_34; ParticleID_35; ParticleID_36; ParticleID_37; ParticleID_38; ParticleID_39; ParticleID_40; ParticleID_41; ParticleID_42; ParticleID_43; ParticleID_44; ParticleID_45; ParticleID_46; ParticleID_47; ParticleID_48; ParticleID_49,104051,26013,0.28062200267176673,0.2806289163110752,0.5,0.2806289163110752,0.2806289163110752,0.0,0.5,0.5935463243336803,0.20187632768894515,0.005733,0.02896,nested_research_draft,limited_nested_protocol_review_only
miniboone_nested_cv_v01,openml_miniboone_41150,41150,MiniBooNE,signal,False,True,True,3,1,3,5,2,,logistic_regression,control,not_applicable_control_model,,numeric_particleid_0_49_locked,50,ParticleID_0; ParticleID_1; ParticleID_2; ParticleID_3; ParticleID_4; ParticleID_5; ParticleID_6; ParticleID_7; ParticleID_8; ParticleID_9; ParticleID_10; ParticleID_11; ParticleID_12; ParticleID_13; ParticleID_14; ParticleID_15; ParticleID_16; ParticleID_17; ParticleID_18; ParticleID_19; ParticleID_20; ParticleID_21; ParticleID_22; ParticleID_23; ParticleID_24; ParticleID_25; ParticleID_26; ParticleID_27; ParticleID_28; ParticleID_29; ParticleID_30; ParticleID_31; ParticleID_32; ParticleID_33; ParticleID_34; ParticleID_35; ParticleID_36; ParticleID_37; ParticleID_38; ParticleID_39; ParticleID_40; ParticleID_41; ParticleID_42; ParticleID_43; ParticleID_44; ParticleID_45; ParticleID_46; ParticleID_47; ParticleID_48; ParticleID_49,104051,26013,0.28062200267176673,0.2806289163110752,0.940193433764089,0.8721832351578441,0.8721832351578441,0.782049386366997,0.8372242027921399,0.2819206600907325,0.08469135714634504,4.306928,0.084701,nested_research_draft,limited_nested_protocol_review_only
miniboone_nested_cv_v01,openml_miniboone_41150,41150,MiniBooNE,signal,False,True,True,4,1,4,5,2,3,hist_gradient_boosting,tuned_candidate,hgb_8316cb7622a5,"{""l2_regularization"": 0.01, ""learning_rate"": 0.1, ""max_iter"": 150, ""max_leaf_nodes"": 63}",numeric_particleid_0_49_locked,50,ParticleID_0; ParticleID_1; ParticleID_2; ParticleID_3; ParticleID_4; ParticleID_5; ParticleID_6; ParticleID_7; ParticleID_8; ParticleID_9; ParticleID_10; ParticleID_11; ParticleID_12; ParticleID_13; ParticleID_14; ParticleID_15; ParticleID_16; ParticleID_17; ParticleID_18; ParticleID_19; ParticleID_20; ParticleID_21; ParticleID_22; ParticleID_23; ParticleID_24; ParticleID_25; ParticleID_26; ParticleID_27; ParticleID_28; ParticleID_29; ParticleID_30; ParticleID_31; ParticleID_32; ParticleID_33; ParticleID_34; ParticleID_35; ParticleID_36; ParticleID_37; ParticleID_38; ParticleID_39; ParticleID_40; ParticleID_41; ParticleID_42; ParticleID_43; ParticleID_44; ParticleID_45; ParticleID_46; ParticleID_47; ParticleID_48; ParticleID_49,104051,26013,0.28062200267176673,0.2806289163110752,0.9847674351359285,0.956542612463578,0.956542612463578,0.9026946107784432,0.9339281716834462,0.140061122345669,0.04105673809025265,342.752979,1.183485,nested_research_draft,limited_nested_protocol_review_only
miniboone_nested_cv_v01,openml_miniboone_41150,41150,MiniBooNE,signal,False,True,True,4,1,4,5,2,,dummy_prior,control,not_applicable_control_model,,numeric_particleid_0_49_locked,50,ParticleID_0; ParticleID_1; ParticleID_2; ParticleID_3; ParticleID_4; ParticleID_5; ParticleID_6; ParticleID_7; ParticleID_8; ParticleID_9; ParticleID_10; ParticleID_11; ParticleID_12; ParticleID_13; ParticleID_14; ParticleID_15; ParticleID_16; ParticleID_17; ParticleID_18; ParticleID_19; ParticleID_20; ParticleID_21; ParticleID_22; ParticleID_23; ParticleID_24; ParticleID_25; ParticleID_26; ParticleID_27; ParticleID_28; ParticleID_29; ParticleID_30; ParticleID_31; ParticleID_32; ParticleID_33; ParticleID_34; ParticleID_35; ParticleID_36; ParticleID_37; ParticleID_38; ParticleID_39; ParticleID_40; ParticleID_41; ParticleID_42; ParticleID_43; ParticleID_44; ParticleID_45; ParticleID_46; ParticleID_47; ParticleID_48; ParticleID_49,104051,26013,0.28062200267176673,0.2806289163110752,0.5,0.2806289163110752,0.2806289163110752,0.0,0.5,0.5935463243336803,0.20187632768894515,0.004844,0.030061,nested_research_draft,limited_nested_protocol_review_only
miniboone_nested_cv_v01,openml_miniboone_41150,41150,MiniBooNE,signal,False,True,True,4,1,4,5,2,,logistic_regression,control,not_applicable_control_model,,numeric_particleid_0_49_locked,50,ParticleID_0; ParticleID_1; ParticleID_2; ParticleID_3; ParticleID_4; ParticleID_5; ParticleID_6; ParticleID_7; ParticleID_8; ParticleID_9; ParticleID_10; ParticleID_11; ParticleID_12; ParticleID_13; ParticleID_14; ParticleID_15; ParticleID_16; ParticleID_17; ParticleID_18; ParticleID_19; ParticleID_20; ParticleID_21; ParticleID_22; ParticleID_23; ParticleID_24; ParticleID_25; ParticleID_26; ParticleID_27; ParticleID_28; ParticleID_29; ParticleID_30; ParticleID_31; ParticleID_32; ParticleID_33; ParticleID_34; ParticleID_35; ParticleID_36; ParticleID_37; ParticleID_38; ParticleID_39; ParticleID_40; ParticleID_41; ParticleID_42; ParticleID_43; ParticleID_44; ParticleID_45; ParticleID_46; ParticleID_47; ParticleID_48; ParticleID_49,104051,26013,0.28062200267176673,0.2806289163110752,0.9385118396192229,0.8644995041355736,0.8644995041355736,0.7775891341256367,0.8345684195808496,0.28748366251445584,0.0856346430662752,3.996546,0.073025,nested_research_draft,limited_nested_protocol_review_only
miniboone_nested_cv_v01,openml_miniboone_41150,41150,MiniBooNE,signal,False,True,True,5,1,5,5,2,3,hist_gradient_boosting,tuned_candidate,hgb_b5168b128e78,"{""l2_regularization"": 0.0, ""learning_rate"": 0.1, ""max_iter"": 150, ""max_leaf_nodes"": 63}",numeric_particleid_0_49_locked,50,ParticleID_0; ParticleID_1; ParticleID_2; ParticleID_3; ParticleID_4; ParticleID_5; ParticleID_6; ParticleID_7; ParticleID_8; ParticleID_9; ParticleID_10; ParticleID_11; ParticleID_12; ParticleID_13; ParticleID_14; ParticleID_15; ParticleID_16; ParticleID_17; ParticleID_18; ParticleID_19; ParticleID_20; ParticleID_21; ParticleID_22; ParticleID_23; ParticleID_24; ParticleID_25; ParticleID_26; ParticleID_27; ParticleID_28; ParticleID_29; ParticleID_30; ParticleID_31; ParticleID_32; ParticleID_33; ParticleID_34; ParticleID_35; ParticleID_36; ParticleID_37; ParticleID_38; ParticleID_39; ParticleID_40; ParticleID_41; ParticleID_42; ParticleID_43; ParticleID_44; ParticleID_45; ParticleID_46; ParticleID_47; ParticleID_48; ParticleID_49,104052,26012,0.2806289163110752,0.28060126095648164,0.9855476088515451,0.9613344844208966,0.9613344844208966,0.9033750680457268,0.9344398053955485,0.13701541144631177,0.0403792838154631,345.564199,1.041554,nested_research_draft,limited_nested_protocol_review_only
miniboone_nested_cv_v01,openml_miniboone_41150,41150,MiniBooNE,signal,False,True,True,5,1,5,5,2,,dummy_prior,control,not_applicable_control_model,,numeric_particleid_0_49_locked,50,ParticleID_0; ParticleID_1; ParticleID_2; ParticleID_3; ParticleID_4; ParticleID_5; ParticleID_6; ParticleID_7; ParticleID_8; ParticleID_9; ParticleID_10; ParticleID_11; ParticleID_12; ParticleID_13; ParticleID_14; ParticleID_15; ParticleID_16; ParticleID_17; ParticleID_18; ParticleID_19; ParticleID_20; ParticleID_21; ParticleID_22; ParticleID_23; ParticleID_24; ParticleID_25; ParticleID_26; ParticleID_27; ParticleID_28; ParticleID_29; ParticleID_30; ParticleID_31; ParticleID_32; ParticleID_33; ParticleID_34; ParticleID_35; ParticleID_36; ParticleID_37; ParticleID_38; ParticleID_39; ParticleID_40; ParticleID_41; ParticleID_42; ParticleID_43; ParticleID_44; ParticleID_45; ParticleID_46; ParticleID_47; ParticleID_48; ParticleID_49,104052,26012,0.2806289163110752,0.28060126095648164,0.5,0.28060126095648164,0.28060126095648164,0.0,0.5,0.5935202910098233,0.2018641940709328,0.004369,0.029748,nested_research_draft,limited_nested_protocol_review_only
miniboone_nested_cv_v01,openml_miniboone_41150,41150,MiniBooNE,signal,False,True,True,5,1,5,5,2,,logistic_regression,control,not_applicable_control_model,,numeric_particleid_0_49_locked,50,ParticleID_0; ParticleID_1; ParticleID_2; ParticleID_3; ParticleID_4; ParticleID_5; ParticleID_6; ParticleID_7; ParticleID_8; ParticleID_9; ParticleID_10; ParticleID_11; ParticleID_12; ParticleID_13; ParticleID_14; ParticleID_15; ParticleID_16; ParticleID_17; ParticleID_18; ParticleID_19; ParticleID_20; ParticleID_21; ParticleID_22; ParticleID_23; ParticleID_24; ParticleID_25; ParticleID_26; ParticleID_27; ParticleID_28; ParticleID_29; ParticleID_30; ParticleID_31; ParticleID_32; ParticleID_33; ParticleID_34; ParticleID_35; ParticleID_36; ParticleID_37; ParticleID_38; ParticleID_39; ParticleID_40; ParticleID_41; ParticleID_42; ParticleID_43; ParticleID_44; ParticleID_45; ParticleID_46; ParticleID_47; ParticleID_48; ParticleID_49,104052,26012,0.2806289163110752,0.28060126095648164,0.9413248647171036,0.8705854825266734,0.8705854825266734,0.7788383277839438,0.8350652580996349,0.2813661095851,0.0843246752412563,3.649239,0.072607,nested_research_draft,limited_nested_protocol_review_only
miniboone_nested_cv_v01,openml_miniboone_41150,41150,MiniBooNE,signal,False,True,True,6,2,1,5,2,3,hist_gradient_boosting,tuned_candidate,hgb_b5168b128e78,"{""l2_regularization"": 0.0, ""learning_rate"": 0.1, ""max_iter"": 150, ""max_leaf_nodes"": 63}",numeric_particleid_0_49_locked,50,ParticleID_0; ParticleID_1; ParticleID_2; ParticleID_3; ParticleID_4; ParticleID_5; ParticleID_6; ParticleID_7; ParticleID_8; ParticleID_9; ParticleID_10; ParticleID_11; ParticleID_12; ParticleID_13; ParticleID_14; ParticleID_15; ParticleID_16; ParticleID_17; ParticleID_18; ParticleID_19; ParticleID_20; ParticleID_21; ParticleID_22; ParticleID_23; ParticleID_24; ParticleID_25; ParticleID_26; ParticleID_27; ParticleID_28; ParticleID_29; ParticleID_30; ParticleID_31; ParticleID_32; ParticleID_33; ParticleID_34; ParticleID_35; ParticleID_36; ParticleID_37; ParticleID_38; ParticleID_39; ParticleID_40; ParticleID_41; ParticleID_42; ParticleID_43; ParticleID_44; ParticleID_45; ParticleID_46; ParticleID_47; ParticleID_48; ParticleID_49,104051,26013,0.28062200267176673,0.2806289163110752,0.9844830566107072,0.9562867440776319,0.9562867440776319,0.9002571389903912,0.9335462197915302,0.1423424500422028,0.04212588104993698,338.33627,1.080922,nested_research_draft,limited_nested_protocol_review_only
miniboone_nested_cv_v01,openml_miniboone_41150,41150,MiniBooNE,signal,False,True,True,6,2,1,5,2,,dummy_prior,control,not_applicable_control_model,,numeric_particleid_0_49_locked,50,ParticleID_0; ParticleID_1; ParticleID_2; ParticleID_3; ParticleID_4; ParticleID_5; ParticleID_6; ParticleID_7; ParticleID_8; ParticleID_9; ParticleID_10; ParticleID_11; ParticleID_12; ParticleID_13; ParticleID_14; ParticleID_15; ParticleID_16; ParticleID_17; ParticleID_18; ParticleID_19; ParticleID_20; ParticleID_21; ParticleID_22; ParticleID_23; ParticleID_24; ParticleID_25; ParticleID_26; ParticleID_27; ParticleID_28; ParticleID_29; ParticleID_30; ParticleID_31; ParticleID_32; ParticleID_33; ParticleID_34; ParticleID_35; ParticleID_36; ParticleID_37; ParticleID_38; ParticleID_39; ParticleID_40; ParticleID_41; ParticleID_42; ParticleID_43; ParticleID_44; ParticleID_45; ParticleID_46; ParticleID_47; ParticleID_48; ParticleID_49,104051,26013,0.28062200267176673,0.2806289163110752,0.5,0.2806289163110752,0.2806289163110752,0.0,0.5,0.5935463243336803,0.20187632768894515,0.00483,0.029063,nested_research_draft,limited_nested_protocol_review_only
miniboone_nested_cv_v01,openml_miniboone_41150,41150,MiniBooNE,signal,False,True,True,6,2,1,5,2,,logistic_regression,control,not_applicable_control_model,,numeric_particleid_0_49_locked,50,ParticleID_0; ParticleID_1; ParticleID_2; ParticleID_3; ParticleID_4; ParticleID_5; ParticleID_6; ParticleID_7; ParticleID_8; ParticleID_9; ParticleID_10; ParticleID_11; ParticleID_12; ParticleID_13; ParticleID_14; ParticleID_15; ParticleID_16; ParticleID_17; ParticleID_18; ParticleID_19; ParticleID_20; ParticleID_21; ParticleID_22; ParticleID_23; ParticleID_24; ParticleID_25; ParticleID_26; ParticleID_27; ParticleID_28; ParticleID_29; ParticleID_30; ParticleID_31; ParticleID_32; ParticleID_33; ParticleID_34; ParticleID_35; ParticleID_36; ParticleID_37; ParticleID_38; ParticleID_39; ParticleID_40; ParticleID_41; ParticleID_42; ParticleID_43; ParticleID_44; ParticleID_45; ParticleID_46; ParticleID_47; ParticleID_48; ParticleID_49,104051,26013,0.28062200267176673,0.2806289163110752,0.9395634307407712,0.8659562904749585,0.8659562904749585,0.7767105068715827,0.8338684337091862,0.2861423117671665,0.08548220378930768,2.950761,0.072564,nested_research_draft,limited_nested_protocol_review_only
miniboone_nested_cv_v01,openml_miniboone_41150,41150,MiniBooNE,signal,False,True,True,7,2,2,5,2,3,hist_gradient_boosting,tuned_candidate,hgb_b5168b128e78,"{""l2_regularization"": 0.0, ""learning_rate"": 0.1, ""max_iter"": 150, ""max_leaf_nodes"": 63}",numeric_particleid_0_49_locked,50,ParticleID_0; ParticleID_1; ParticleID_2; ParticleID_3; ParticleID_4; ParticleID_5; ParticleID_6; ParticleID_7; ParticleID_8; ParticleID_9; ParticleID_10; ParticleID_11; ParticleID_12; ParticleID_13; ParticleID_14; ParticleID_15; ParticleID_16; ParticleID_17; ParticleID_18; ParticleID_19; ParticleID_20; ParticleID_21; ParticleID_22; ParticleID_23; ParticleID_24; ParticleID_25; ParticleID_26; ParticleID_27; ParticleID_28; ParticleID_29; ParticleID_30; ParticleID_31; ParticleID_32; ParticleID_33; ParticleID_34; ParticleID_35; ParticleID_36; ParticleID_37; ParticleID_38; ParticleID_39; ParticleID_40; ParticleID_41; ParticleID_42; ParticleID_43; ParticleID_44; ParticleID_45; ParticleID_46; ParticleID_47; ParticleID_48; ParticleID_49,104051,26013,0.28062200267176673,0.2806289163110752,0.986156528792159,0.9622275549317987,0.9622275549317987,0.9059128772361055,0.9353593538738362,0.13448348968818796,0.03941867526881666,341.743056,1.307488,nested_research_draft,limited_nested_protocol_review_only
miniboone_nested_cv_v01,openml_miniboone_41150,41150,MiniBooNE,signal,False,True,True,7,2,2,5,2,,dummy_prior,control,not_applicable_control_model,,numeric_particleid_0_49_locked,50,ParticleID_0; ParticleID_1; ParticleID_2; ParticleID_3; ParticleID_4; ParticleID_5; ParticleID_6; ParticleID_7; ParticleID_8; ParticleID_9; ParticleID_10; ParticleID_11; ParticleID_12; ParticleID_13; ParticleID_14; ParticleID_15; ParticleID_16; ParticleID_17; ParticleID_18; ParticleID_19; ParticleID_20; ParticleID_21; ParticleID_22; ParticleID_23; ParticleID_24; ParticleID_25; ParticleID_26; ParticleID_27; ParticleID_28; ParticleID_29; ParticleID_30; ParticleID_31; ParticleID_32; ParticleID_33; ParticleID_34; ParticleID_35; ParticleID_36; ParticleID_37; ParticleID_38; ParticleID_39; ParticleID_40; ParticleID_41; ParticleID_42; ParticleID_43; ParticleID_44; ParticleID_45; ParticleID_46; ParticleID_47; ParticleID_48; ParticleID_49,104051,26013,0.28062200267176673,0.2806289163110752,0.5,0.2806289163110752,0.2806289163110752,0.0,0.5,0.5935463243336803,0.20187632768894515,0.005248,0.031767,nested_research_draft,limited_nested_protocol_review_only
miniboone_nested_cv_v01,openml_miniboone_41150,41150,MiniBooNE,signal,False,True,True,7,2,2,5,2,,logistic_regression,control,not_applicable_control_model,,numeric_particleid_0_49_locked,50,ParticleID_0; ParticleID_1; ParticleID_2; ParticleID_3; ParticleID_4; ParticleID_5; ParticleID_6; ParticleID_7; ParticleID_8; ParticleID_9; ParticleID_10; ParticleID_11; ParticleID_12; ParticleID_13; ParticleID_14; ParticleID_15; ParticleID_16; ParticleID_17; ParticleID_18; ParticleID_19; ParticleID_20; ParticleID_21; ParticleID_22; ParticleID_23; ParticleID_24; ParticleID_25; ParticleID_26; ParticleID_27; ParticleID_28; ParticleID_29; ParticleID_30; ParticleID_31; ParticleID_32; ParticleID_33; ParticleID_34; ParticleID_35; ParticleID_36; ParticleID_37; ParticleID_38; ParticleID_39; ParticleID_40; ParticleID_41; ParticleID_42; ParticleID_43; ParticleID_44; ParticleID_45; ParticleID_46; ParticleID_47; ParticleID_48; ParticleID_49,104051,26013,0.28062200267176673,0.2806289163110752,0.9391845607295198,0.8699969875463552,0.8699969875463552,0.7728048689972538,0.8307376894972288,0.28443423394591166,0.08574501218504729,3.323423,0.072232,nested_research_draft,limited_nested_protocol_review_only
miniboone_nested_cv_v01,openml_miniboone_41150,41150,MiniBooNE,signal,False,True,True,8,2,3,5,2,3,hist_gradient_boosting,tuned_candidate,hgb_8316cb7622a5,"{""l2_regularization"": 0.01, ""learning_rate"": 0.1, ""max_iter"": 150, ""max_leaf_nodes"": 63}",numeric_particleid_0_49_locked,50,ParticleID_0; ParticleID_1; ParticleID_2; ParticleID_3; ParticleID_4; ParticleID_5; ParticleID_6; ParticleID_7; ParticleID_8; ParticleID_9; ParticleID_10; ParticleID_11; ParticleID_12; ParticleID_13; ParticleID_14; ParticleID_15; ParticleID_16; ParticleID_17; ParticleID_18; ParticleID_19; ParticleID_20; ParticleID_21; ParticleID_22; ParticleID_23; ParticleID_24; ParticleID_25; ParticleID_26; ParticleID_27; ParticleID_28; ParticleID_29; ParticleID_30; ParticleID_31; ParticleID_32; ParticleID_33; ParticleID_34; ParticleID_35; ParticleID_36; ParticleID_37; ParticleID_38; ParticleID_39; ParticleID_40; ParticleID_41; ParticleID_42; ParticleID_43; ParticleID_44; ParticleID_45; ParticleID_46; ParticleID_47; ParticleID_48; ParticleID_49,104051,26013,0.28062200267176673,0.2806289163110752,0.9843252914060915,0.9582885569073729,0.9582885569073729,0.9009988448732758,0.933081426800942,0.14228213347278792,0.041852541629018414,348.743943,1.819262,nested_research_draft,limited_nested_protocol_review_only
miniboone_nested_cv_v01,openml_miniboone_41150,41150,MiniBooNE,signal,False,True,True,8,2,3,5,2,,dummy_prior,control,not_applicable_control_model,,numeric_particleid_0_49_locked,50,ParticleID_0; ParticleID_1; ParticleID_2; ParticleID_3; ParticleID_4; ParticleID_5; ParticleID_6; ParticleID_7; ParticleID_8; ParticleID_9; ParticleID_10; ParticleID_11; ParticleID_12; ParticleID_13; ParticleID_14; ParticleID_15; ParticleID_16; ParticleID_17; ParticleID_18; ParticleID_19; ParticleID_20; ParticleID_21; ParticleID_22; ParticleID_23; ParticleID_24; ParticleID_25; ParticleID_26; ParticleID_27; ParticleID_28; ParticleID_29; ParticleID_30; ParticleID_31; ParticleID_32; ParticleID_33; ParticleID_34; ParticleID_35; ParticleID_36; ParticleID_37; ParticleID_38; ParticleID_39; ParticleID_40; ParticleID_41; ParticleID_42; ParticleID_43; ParticleID_44; ParticleID_45; ParticleID_46; ParticleID_47; ParticleID_48; ParticleID_49,104051,26013,0.28062200267176673,0.2806289163110752,0.5,0.2806289163110752,0.2806289163110752,0.0,0.5,0.5935463243336803,0.20187632768894515,0.004305,0.029815,nested_research_draft,limited_nested_protocol_review_only
miniboone_nested_cv_v01,openml_miniboone_41150,41150,MiniBooNE,signal,False,True,True,8,2,3,5,2,,logistic_regression,control,not_applicable_control_model,,numeric_particleid_0_49_locked,50,ParticleID_0; ParticleID_1; ParticleID_2; ParticleID_3; ParticleID_4; ParticleID_5; ParticleID_6; ParticleID_7; ParticleID_8; ParticleID_9; ParticleID_10; ParticleID_11; ParticleID_12; ParticleID_13; ParticleID_14; ParticleID_15; ParticleID_16; ParticleID_17; ParticleID_18; ParticleID_19; ParticleID_20; ParticleID_21; ParticleID_22; ParticleID_23; ParticleID_24; ParticleID_25; ParticleID_26; ParticleID_27; ParticleID_28; ParticleID_29; ParticleID_30; ParticleID_31; ParticleID_32; ParticleID_33; ParticleID_34; ParticleID_35; ParticleID_36; ParticleID_37; ParticleID_38; ParticleID_39; ParticleID_40; ParticleID_41; ParticleID_42; ParticleID_43; ParticleID_44; ParticleID_45; ParticleID_46; ParticleID_47; ParticleID_48; ParticleID_49,104051,26013,0.28062200267176673,0.2806289163110752,0.9401417006271371,0.8666065451558531,0.8666065451558531,0.7785116688683399,0.8359804516529056,0.2843081460825992,0.08540419333219232,4.512844,0.071685,nested_research_draft,limited_nested_protocol_review_only
miniboone_nested_cv_v01,openml_miniboone_41150,41150,MiniBooNE,signal,False,True,True,9,2,4,5,2,3,hist_gradient_boosting,tuned_candidate,hgb_b5168b128e78,"{""l2_regularization"": 0.0, ""learning_rate"": 0.1, ""max_iter"": 150, ""max_leaf_nodes"": 63}",numeric_particleid_0_49_locked,50,ParticleID_0; ParticleID_1; ParticleID_2; ParticleID_3; ParticleID_4; ParticleID_5; ParticleID_6; ParticleID_7; ParticleID_8; ParticleID_9; ParticleID_10; ParticleID_11; ParticleID_12; ParticleID_13; ParticleID_14; ParticleID_15; ParticleID_16; ParticleID_17; ParticleID_18; ParticleID_19; ParticleID_20; ParticleID_21; ParticleID_22; ParticleID_23; ParticleID_24; ParticleID_25; ParticleID_26; ParticleID_27; ParticleID_28; ParticleID_29; ParticleID_30; ParticleID_31; ParticleID_32; ParticleID_33; ParticleID_34; ParticleID_35; ParticleID_36; ParticleID_37; ParticleID_38; ParticleID_39; ParticleID_40; ParticleID_41; ParticleID_42; ParticleID_43; ParticleID_44; ParticleID_45; ParticleID_46; ParticleID_47; ParticleID_48; ParticleID_49,104051,26013,0.28062200267176673,0.2806289163110752,0.9849066687944577,0.9592208295698623,0.9592208295698623,0.89936167323102,0.9320792519155608,0.1407860288683658,0.041695429918924956,349.186337,1.305228,nested_research_draft,limited_nested_protocol_review_only
miniboone_nested_cv_v01,openml_miniboone_41150,41150,MiniBooNE,signal,False,True,True,9,2,4,5,2,,dummy_prior,control,not_applicable_control_model,,numeric_particleid_0_49_locked,50,ParticleID_0; ParticleID_1; ParticleID_2; ParticleID_3; ParticleID_4; ParticleID_5; ParticleID_6; ParticleID_7; ParticleID_8; ParticleID_9; ParticleID_10; ParticleID_11; ParticleID_12; ParticleID_13; ParticleID_14; ParticleID_15; ParticleID_16; ParticleID_17; ParticleID_18; ParticleID_19; ParticleID_20; ParticleID_21; ParticleID_22; ParticleID_23; ParticleID_24; ParticleID_25; ParticleID_26; ParticleID_27; ParticleID_28; ParticleID_29; ParticleID_30; ParticleID_31; ParticleID_32; ParticleID_33; ParticleID_34; ParticleID_35; ParticleID_36; ParticleID_37; ParticleID_38; ParticleID_39; ParticleID_40; ParticleID_41; ParticleID_42; ParticleID_43; ParticleID_44; ParticleID_45; ParticleID_46; ParticleID_47; ParticleID_48; ParticleID_49,104051,26013,0.28062200267176673,0.2806289163110752,0.5,0.2806289163110752,0.2806289163110752,0.0,0.5,0.5935463243336803,0.20187632768894515,0.004522,0.031992,nested_research_draft,limited_nested_protocol_review_only
miniboone_nested_cv_v01,openml_miniboone_41150,41150,MiniBooNE,signal,False,True,True,9,2,4,5,2,,logistic_regression,control,not_applicable_control_model,,numeric_particleid_0_49_locked,50,ParticleID_0; ParticleID_1; ParticleID_2; ParticleID_3; ParticleID_4; ParticleID_5; ParticleID_6; ParticleID_7; ParticleID_8; ParticleID_9; ParticleID_10; ParticleID_11; ParticleID_12; ParticleID_13; ParticleID_14; ParticleID_15; ParticleID_16; ParticleID_17; ParticleID_18; ParticleID_19; ParticleID_20; ParticleID_21; ParticleID_22; ParticleID_23; ParticleID_24; ParticleID_25; ParticleID_26; ParticleID_27; ParticleID_28; ParticleID_29; ParticleID_30; ParticleID_31; ParticleID_32; ParticleID_33; ParticleID_34; ParticleID_35; ParticleID_36; ParticleID_37; ParticleID_38; ParticleID_39; ParticleID_40; ParticleID_41; ParticleID_42; ParticleID_43; ParticleID_44; ParticleID_45; ParticleID_46; ParticleID_47; ParticleID_48; ParticleID_49,104051,26013,0.28062200267176673,0.2806289163110752,0.9378505675857892,0.8670399213481755,0.8670399213481755,0.7762711864406779,0.8339538735433356,0.2872122041450293,0.08573196423790935,4.270637,0.080373,nested_research_draft,limited_nested_protocol_review_only
miniboone_nested_cv_v01,openml_miniboone_41150,41150,MiniBooNE,signal,False,True,True,10,2,5,5,2,3,hist_gradient_boosting,tuned_candidate,hgb_8316cb7622a5,"{""l2_regularization"": 0.01, ""learning_rate"": 0.1, ""max_iter"": 150, ""max_leaf_nodes"": 63}",numeric_particleid_0_49_locked,50,ParticleID_0; ParticleID_1; ParticleID_2; ParticleID_3; ParticleID_4; ParticleID_5; ParticleID_6; ParticleID_7; ParticleID_8; ParticleID_9; ParticleID_10; ParticleID_11; ParticleID_12; ParticleID_13; ParticleID_14; ParticleID_15; ParticleID_16; ParticleID_17; ParticleID_18; ParticleID_19; ParticleID_20; ParticleID_21; ParticleID_22; ParticleID_23; ParticleID_24; ParticleID_25; ParticleID_26; ParticleID_27; ParticleID_28; ParticleID_29; ParticleID_30; ParticleID_31; ParticleID_32; ParticleID_33; ParticleID_34; ParticleID_35; ParticleID_36; ParticleID_37; ParticleID_38; ParticleID_39; ParticleID_40; ParticleID_41; ParticleID_42; ParticleID_43; ParticleID_44; ParticleID_45; ParticleID_46; ParticleID_47; ParticleID_48; ParticleID_49,104052,26012,0.2806289163110752,0.28060126095648164,0.9852772081557559,0.9606830455778904,0.9606830455778904,0.9038618438944792,0.9349761700280863,0.1386268666012782,0.040743879563388256,351.597235,1.66264,nested_research_draft,limited_nested_protocol_review_only
miniboone_nested_cv_v01,openml_miniboone_41150,41150,MiniBooNE,signal,False,True,True,10,2,5,5,2,,dummy_prior,control,not_applicable_control_model,,numeric_particleid_0_49_locked,50,ParticleID_0; ParticleID_1; ParticleID_2; ParticleID_3; ParticleID_4; ParticleID_5; ParticleID_6; ParticleID_7; ParticleID_8; ParticleID_9; ParticleID_10; ParticleID_11; ParticleID_12; ParticleID_13; ParticleID_14; ParticleID_15; ParticleID_16; ParticleID_17; ParticleID_18; ParticleID_19; ParticleID_20; ParticleID_21; ParticleID_22; ParticleID_23; ParticleID_24; ParticleID_25; ParticleID_26; ParticleID_27; ParticleID_28; ParticleID_29; ParticleID_30; ParticleID_31; ParticleID_32; ParticleID_33; ParticleID_34; ParticleID_35; ParticleID_36; ParticleID_37; ParticleID_38; ParticleID_39; ParticleID_40; ParticleID_41; ParticleID_42; ParticleID_43; ParticleID_44; ParticleID_45; ParticleID_46; ParticleID_47; ParticleID_48; ParticleID_49,104052,26012,0.2806289163110752,0.28060126095648164,0.5,0.28060126095648164,0.28060126095648164,0.0,0.5,0.5935202910098233,0.2018641940709328,0.005022,0.032724,nested_research_draft,limited_nested_protocol_review_only
miniboone_nested_cv_v01,openml_miniboone_41150,41150,MiniBooNE,signal,False,True,True,10,2,5,5,2,,logistic_regression,control,not_applicable_control_model,,numeric_particleid_0_49_locked,50,ParticleID_0; ParticleID_1; ParticleID_2; ParticleID_3; ParticleID_4; ParticleID_5; ParticleID_6; ParticleID_7; ParticleID_8; ParticleID_9; ParticleID_10; ParticleID_11; ParticleID_12; ParticleID_13; ParticleID_14; ParticleID_15; ParticleID_16; ParticleID_17; ParticleID_18; ParticleID_19; ParticleID_20; ParticleID_21; ParticleID_22; ParticleID_23; ParticleID_24; ParticleID_25; ParticleID_26; ParticleID_27; ParticleID_28; ParticleID_29; ParticleID_30; ParticleID_31; ParticleID_32; ParticleID_33; ParticleID_34; ParticleID_35; ParticleID_36; ParticleID_37; ParticleID_38; ParticleID_39; ParticleID_40; ParticleID_41; ParticleID_42; ParticleID_43; ParticleID_44; ParticleID_45; ParticleID_46; ParticleID_47; ParticleID_48; ParticleID_49,104052,26012,0.2806289163110752,0.28060126095648164,0.9388749903385178,0.8666083976406225,0.8666083976406225,0.7793420272673385,0.8351920388552907,0.285511077663836,0.0853987183659406,3.811736,0.085076,nested_research_draft,limited_nested_protocol_review_only
