claim_id,candidate_id,claim_type,claim_text_ru,primary_metric,secondary_metrics,main_risk,required_split_protocols,evidence_required_before_modeling,decision_status,source_basis,notes
claim_electricity_random_performance_superiority,openml_electricity_151,performance_superiority_under_random_split,Будущая модель-кандидат превосходит базовую модель на electricity при стратифицированном случайном разбиении.,roc_auc,pr_auc; f1; balanced_accuracy; log_loss; brier_score,Результат при случайном разбиении может не совпасть с результатом при временном разбиении.,stratified_random; repeated_stratified_random,"Подтвердить целевую переменную class, классы DOWN/UP, отсутствие пропусков и временные признаки date/day/period.",planned_not_tested,OpenML electricity metadata; scikit-learn cross-validation; scikit-learn metrics,Не является финальным утверждением; модели еще не выбраны.
claim_electricity_temporal_stability,openml_electricity_151,split_sensitivity,Вывод о превосходстве будущей модели-кандидата сохраняется при переходе от случайного разбиения к временному разбиению.,roc_auc,pr_auc; f1; balanced_accuracy,Временной дрейф может изменить ранжирование моделей.,stratified_random; temporal_holdout,Определить воспроизводимое временное упорядочивание по признакам date/day/period.,planned_requires_split_review,TabReD time-based split finding; OpenML electricity temporal description,Центральное диагностическое утверждение для electricity.
claim_electricity_metric_consistency,openml_electricity_151,metric_conflict,Вывод о лучшей модели на electricity не зависит только от одной метрики.,roc_auc,pr_auc; f1; balanced_accuracy; log_loss; brier_score,"Модель может быть лучшей по ROC-AUC, но не по F1, PR-AUC или вероятностным метрикам.",stratified_random; temporal_holdout,Заранее зафиксировать метрики и условия их применения.,planned_not_tested,scikit-learn model evaluation metrics,"Нужно различать метрики ранжирования, бинарного решения и вероятностного прогноза."
claim_miniboone_complex_vs_simple,openml_miniboone_41150,performance_superiority,Сложная модель превосходит простую модель на MiniBooNE в крупной числовой бинарной классификации.,roc_auc,pr_auc; f1; balanced_accuracy; log_loss; brier_score,Выигрыш может быть малым относительно вычислительной стоимости.,stratified_random; repeated_stratified_random,"Подтвердить, что признаки числовые, пропусков нет, целевая переменная signal.",planned_not_tested,OpenML MiniBooNE metadata; scikit-learn cross-validation,Используется как числовой контрольный кандидат.
claim_miniboone_seed_stability,openml_miniboone_41150,seed_stability,Победитель на MiniBooNE устойчив при разных зернах случайности.,roc_auc,pr_auc; balanced_accuracy; log_loss,Ранжирование моделей может меняться при повторных случайных разбиениях.,repeated_stratified_random,Определить минимальный набор зерен случайности и число повторов.,planned_not_tested,scikit-learn cross-validation; ML-CRA claim reliability framework,Не требует временного разбиения.
claim_miniboone_cost_quality,openml_miniboone_41150,cost_quality_tradeoff,Выигрыш сложной модели на MiniBooNE оправдан с учетом времени обучения.,roc_auc,training_time_seconds; pr_auc; log_loss,Небольшой выигрыш качества может быть куплен чрезмерным временем обучения.,stratified_random,"Заранее определить, какие модели считаются простыми и сложными, и как измеряется время обучения.",planned_requires_model_protocol,ML-CRA practical superiority criterion,Пока фиксируется только как будущий тип утверждения.
claim_click_metric_conflict_under_imbalance,openml_click_prediction_small_41434,metric_conflict_under_class_imbalance,"Вывод о лучшей модели на Click_prediction_small устойчив к метрикам, чувствительным к дисбалансу классов.",pr_auc,roc_auc; f1; balanced_accuracy; log_loss; brier_score,ROC-AUC может выглядеть приемлемо при слабой полезности для редкого положительного класса.,stratified_random; repeated_stratified_random,Подтвердить дисбаланс click=1 и заранее исключить accuracy как основную метрику.,planned_not_tested,scikit-learn metrics; local OpenML preview summary,PR-AUC выбрана как первичная метрика из-за выраженного дисбаланса классов.
claim_click_identifier_policy_sensitivity,openml_click_prediction_small_41434,preprocessing_policy_sensitivity,Преимущество будущей модели-кандидата сохраняется при изменении политики обработки идентификаторных признаков.,pr_auc,roc_auc; log_loss; brier_score,"Модель может выигрывать за счет запоминания user_id, ad_id, query_id и других идентификаторов.",stratified_random; repeated_stratified_random; optional_group_split_review,Зафиксировать список идентификаторных признаков и минимум две политики обработки: использовать/исключить или закодировать ограниченно.,planned_requires_identifier_protocol,scikit-learn data leakage pitfalls; local OpenML feature preview,До отдельного протокола идентификаторов кандидат остается условным.
claim_click_no_memorization,openml_click_prediction_small_41434,memorization_risk_audit,Вывод о превосходстве модели на Click_prediction_small не является следствием запоминания высококардинальных признаков.,pr_auc,roc_auc; log_loss,Высококардинальные признаки могут создавать искусственно сильные результаты при случайном разбиении.,stratified_random; identifier_policy_comparison,Проверить кардинальность идентификаторных признаков и определить допустимую политику кодирования.,planned_requires_identifier_protocol,scikit-learn data leakage pitfalls; ML-CRA claim reliability framework,Не запускать модели до протокола обработки идентификаторов.
