stress_test_id,claim_id,run_group,protocol_variant_id,summary_scope,outer_random_state,candidate_id,comparison_role,candidate_model_id,comparison_model_id,metric_name,metric_direction,n_blocks,advantage_mean,advantage_std_population,advantage_min,advantage_max,candidate_positive_blocks,candidate_negative_blocks,candidate_zero_blocks,row_status,interpretation_allowed_ru
ST05_03a_split_protocol_10x1,miniboone_hgb_vs_logreg_average_precision_v01,nested_split_sensitivity_v01,nested_10x1_seed_grid_v01,all_outer_random_states,all,openml_miniboone_41150,lower_bound_model,hist_gradient_boosting,dummy_prior,average_precision,higher_is_better,30,0.6792414683537044,0.002518132678201646,0.6735380023443722,0.6839312418924535,30,0,0,stage05_split_protocol_sensitivity_summary,Сводка по всем зафиксированным зернам случайности протокола 10x1; не объединять с 5x2 без отдельного evidence record.
ST05_03a_split_protocol_10x1,miniboone_hgb_vs_logreg_average_precision_v01,nested_split_sensitivity_v01,nested_10x1_seed_grid_v01,single_outer_random_state,20260507,openml_miniboone_41150,lower_bound_model,hist_gradient_boosting,dummy_prior,average_precision,higher_is_better,10,0.6793775282197201,0.002933665406152158,0.6742510907141528,0.6839312418924535,10,0,0,stage05_split_protocol_sensitivity_summary,Сводка по одному зерну случайности внешнего разбиения 10x1; используется только внутри ST05_03a.
ST05_03a_split_protocol_10x1,miniboone_hgb_vs_logreg_average_precision_v01,nested_split_sensitivity_v01,nested_10x1_seed_grid_v01,single_outer_random_state,20260517,openml_miniboone_41150,lower_bound_model,hist_gradient_boosting,dummy_prior,average_precision,higher_is_better,10,0.6793416601132635,0.002114144140134755,0.6762584332120662,0.6831692066173088,10,0,0,stage05_split_protocol_sensitivity_summary,Сводка по одному зерну случайности внешнего разбиения 10x1; используется только внутри ST05_03a.
ST05_03a_split_protocol_10x1,miniboone_hgb_vs_logreg_average_precision_v01,nested_split_sensitivity_v01,nested_10x1_seed_grid_v01,single_outer_random_state,20260527,openml_miniboone_41150,lower_bound_model,hist_gradient_boosting,dummy_prior,average_precision,higher_is_better,10,0.6790052167281296,0.0024212833143088647,0.6735380023443722,0.6823754778095543,10,0,0,stage05_split_protocol_sensitivity_summary,Сводка по одному зерну случайности внешнего разбиения 10x1; используется только внутри ST05_03a.
ST05_03a_split_protocol_10x1,miniboone_hgb_vs_logreg_average_precision_v01,nested_split_sensitivity_v01,nested_10x1_seed_grid_v01,all_outer_random_states,all,openml_miniboone_41150,lower_bound_model,hist_gradient_boosting,dummy_prior,balanced_accuracy,higher_is_better,30,0.43385826335687566,0.0023543985452668934,0.4279948988854856,0.4385450201372938,30,0,0,stage05_split_protocol_sensitivity_summary,Сводка по всем зафиксированным зернам случайности протокола 10x1; не объединять с 5x2 без отдельного evidence record.
ST05_03a_split_protocol_10x1,miniboone_hgb_vs_logreg_average_precision_v01,nested_split_sensitivity_v01,nested_10x1_seed_grid_v01,single_outer_random_state,20260507,openml_miniboone_41150,lower_bound_model,hist_gradient_boosting,dummy_prior,balanced_accuracy,higher_is_better,10,0.43399647641839134,0.002396479000404102,0.4286926497047848,0.43840213883699275,10,0,0,stage05_split_protocol_sensitivity_summary,Сводка по одному зерну случайности внешнего разбиения 10x1; используется только внутри ST05_03a.
ST05_03a_split_protocol_10x1,miniboone_hgb_vs_logreg_average_precision_v01,nested_split_sensitivity_v01,nested_10x1_seed_grid_v01,single_outer_random_state,20260517,openml_miniboone_41150,lower_bound_model,hist_gradient_boosting,dummy_prior,balanced_accuracy,higher_is_better,10,0.43389437309916196,0.0021508972083266156,0.4309385816441871,0.4367281985064291,10,0,0,stage05_split_protocol_sensitivity_summary,Сводка по одному зерну случайности внешнего разбиения 10x1; используется только внутри ST05_03a.
ST05_03a_split_protocol_10x1,miniboone_hgb_vs_logreg_average_precision_v01,nested_split_sensitivity_v01,nested_10x1_seed_grid_v01,single_outer_random_state,20260527,openml_miniboone_41150,lower_bound_model,hist_gradient_boosting,dummy_prior,balanced_accuracy,higher_is_better,10,0.43368394055307335,0.002491849097740973,0.4279948988854856,0.4385450201372938,10,0,0,stage05_split_protocol_sensitivity_summary,Сводка по одному зерну случайности внешнего разбиения 10x1; используется только внутри ST05_03a.
ST05_03a_split_protocol_10x1,miniboone_hgb_vs_logreg_average_precision_v01,nested_split_sensitivity_v01,nested_10x1_seed_grid_v01,all_outer_random_states,all,openml_miniboone_41150,lower_bound_model,hist_gradient_boosting,dummy_prior,brier_score,lower_is_better,30,0.1609962733391426,0.0012010686885435113,0.1581312636250892,0.1637033414576373,30,0,0,stage05_split_protocol_sensitivity_summary,Сводка по всем зафиксированным зернам случайности протокола 10x1; не объединять с 5x2 без отдельного evidence record.
ST05_03a_split_protocol_10x1,miniboone_hgb_vs_logreg_average_precision_v01,nested_split_sensitivity_v01,nested_10x1_seed_grid_v01,single_outer_random_state,20260507,openml_miniboone_41150,lower_bound_model,hist_gradient_boosting,dummy_prior,brier_score,lower_is_better,10,0.1611496197495343,0.0014046071156786288,0.1581312636250892,0.1637033414576373,10,0,0,stage05_split_protocol_sensitivity_summary,Сводка по одному зерну случайности внешнего разбиения 10x1; используется только внутри ST05_03a.
ST05_03a_split_protocol_10x1,miniboone_hgb_vs_logreg_average_precision_v01,nested_split_sensitivity_v01,nested_10x1_seed_grid_v01,single_outer_random_state,20260517,openml_miniboone_41150,lower_bound_model,hist_gradient_boosting,dummy_prior,brier_score,lower_is_better,10,0.16090574559583867,0.0011526961809086012,0.1591828659931273,0.1625314191818934,10,0,0,stage05_split_protocol_sensitivity_summary,Сводка по одному зерну случайности внешнего разбиения 10x1; используется только внутри ST05_03a.
ST05_03a_split_protocol_10x1,miniboone_hgb_vs_logreg_average_precision_v01,nested_split_sensitivity_v01,nested_10x1_seed_grid_v01,single_outer_random_state,20260527,openml_miniboone_41150,lower_bound_model,hist_gradient_boosting,dummy_prior,brier_score,lower_is_better,10,0.1609334546720549,0.000995194337845722,0.15966340602325887,0.16270666066912384,10,0,0,stage05_split_protocol_sensitivity_summary,Сводка по одному зерну случайности внешнего разбиения 10x1; используется только внутри ST05_03a.
ST05_03a_split_protocol_10x1,miniboone_hgb_vs_logreg_average_precision_v01,nested_split_sensitivity_v01,nested_10x1_seed_grid_v01,all_outer_random_states,all,openml_miniboone_41150,lower_bound_model,hist_gradient_boosting,dummy_prior,f1,higher_is_better,30,0.9021504264332639,0.003298425932191132,0.8952095808383234,0.9090909090909091,30,0,0,stage05_split_protocol_sensitivity_summary,Сводка по всем зафиксированным зернам случайности протокола 10x1; не объединять с 5x2 без отдельного evidence record.
ST05_03a_split_protocol_10x1,miniboone_hgb_vs_logreg_average_precision_v01,nested_split_sensitivity_v01,nested_10x1_seed_grid_v01,single_outer_random_state,20260507,openml_miniboone_41150,lower_bound_model,hist_gradient_boosting,dummy_prior,f1,higher_is_better,10,0.9025874558328046,0.003400991675145251,0.8952095808383234,0.9090909090909091,10,0,0,stage05_split_protocol_sensitivity_summary,Сводка по одному зерну случайности внешнего разбиения 10x1; используется только внутри ST05_03a.
ST05_03a_split_protocol_10x1,miniboone_hgb_vs_logreg_average_precision_v01,nested_split_sensitivity_v01,nested_10x1_seed_grid_v01,single_outer_random_state,20260517,openml_miniboone_41150,lower_bound_model,hist_gradient_boosting,dummy_prior,f1,higher_is_better,10,0.9021255297971245,0.0031481490478726024,0.8967383949113548,0.906318082788671,10,0,0,stage05_split_protocol_sensitivity_summary,Сводка по одному зерну случайности внешнего разбиения 10x1; используется только внутри ST05_03a.
ST05_03a_split_protocol_10x1,miniboone_hgb_vs_logreg_average_precision_v01,nested_split_sensitivity_v01,nested_10x1_seed_grid_v01,single_outer_random_state,20260527,openml_miniboone_41150,lower_bound_model,hist_gradient_boosting,dummy_prior,f1,higher_is_better,10,0.9017382936698626,0.0032863028063770086,0.8962212486308871,0.9077360791220702,10,0,0,stage05_split_protocol_sensitivity_summary,Сводка по одному зерну случайности внешнего разбиения 10x1; используется только внутри ST05_03a.
ST05_03a_split_protocol_10x1,miniboone_hgb_vs_logreg_average_precision_v01,nested_split_sensitivity_v01,nested_10x1_seed_grid_v01,all_outer_random_states,all,openml_miniboone_41150,lower_bound_model,hist_gradient_boosting,dummy_prior,log_loss,lower_is_better,30,0.4547407736541037,0.003846969738936657,0.44499354321295287,0.46349754191408093,30,0,0,stage05_split_protocol_sensitivity_summary,Сводка по всем зафиксированным зернам случайности протокола 10x1; не объединять с 5x2 без отдельного evidence record.
ST05_03a_split_protocol_10x1,miniboone_hgb_vs_logreg_average_precision_v01,nested_split_sensitivity_v01,nested_10x1_seed_grid_v01,single_outer_random_state,20260507,openml_miniboone_41150,lower_bound_model,hist_gradient_boosting,dummy_prior,log_loss,lower_is_better,10,0.45511195507505847,0.0046768939316847846,0.44499354321295287,0.46349754191408093,10,0,0,stage05_split_protocol_sensitivity_summary,Сводка по одному зерну случайности внешнего разбиения 10x1; используется только внутри ST05_03a.
ST05_03a_split_protocol_10x1,miniboone_hgb_vs_logreg_average_precision_v01,nested_split_sensitivity_v01,nested_10x1_seed_grid_v01,single_outer_random_state,20260517,openml_miniboone_41150,lower_bound_model,hist_gradient_boosting,dummy_prior,log_loss,lower_is_better,10,0.4545895993766765,0.003438106450545321,0.44895763887932516,0.4595836400847829,10,0,0,stage05_split_protocol_sensitivity_summary,Сводка по одному зерну случайности внешнего разбиения 10x1; используется только внутри ST05_03a.
ST05_03a_split_protocol_10x1,miniboone_hgb_vs_logreg_average_precision_v01,nested_split_sensitivity_v01,nested_10x1_seed_grid_v01,single_outer_random_state,20260527,openml_miniboone_41150,lower_bound_model,hist_gradient_boosting,dummy_prior,log_loss,lower_is_better,10,0.45452076651057594,0.0032395344188248455,0.44998659506258964,0.4605152106454774,10,0,0,stage05_split_protocol_sensitivity_summary,Сводка по одному зерну случайности внешнего разбиения 10x1; используется только внутри ST05_03a.
ST05_03a_split_protocol_10x1,miniboone_hgb_vs_logreg_average_precision_v01,nested_split_sensitivity_v01,nested_10x1_seed_grid_v01,all_outer_random_states,all,openml_miniboone_41150,lower_bound_model,hist_gradient_boosting,dummy_prior,roc_auc,higher_is_better,30,0.4851920836606089,0.0008462385376574441,0.48302795797154274,0.4870297574774374,30,0,0,stage05_split_protocol_sensitivity_summary,Сводка по всем зафиксированным зернам случайности протокола 10x1; не объединять с 5x2 без отдельного evidence record.
ST05_03a_split_protocol_10x1,miniboone_hgb_vs_logreg_average_precision_v01,nested_split_sensitivity_v01,nested_10x1_seed_grid_v01,single_outer_random_state,20260507,openml_miniboone_41150,lower_bound_model,hist_gradient_boosting,dummy_prior,roc_auc,higher_is_better,10,0.4852351475670472,0.0010250532318884585,0.48302795797154274,0.4870297574774374,10,0,0,stage05_split_protocol_sensitivity_summary,Сводка по одному зерну случайности внешнего разбиения 10x1; используется только внутри ST05_03a.
ST05_03a_split_protocol_10x1,miniboone_hgb_vs_logreg_average_precision_v01,nested_split_sensitivity_v01,nested_10x1_seed_grid_v01,single_outer_random_state,20260517,openml_miniboone_41150,lower_bound_model,hist_gradient_boosting,dummy_prior,roc_auc,higher_is_better,10,0.4851988146299252,0.0006961322692585419,0.48409526960942206,0.48617467546822324,10,0,0,stage05_split_protocol_sensitivity_summary,Сводка по одному зерну случайности внешнего разбиения 10x1; используется только внутри ST05_03a.
ST05_03a_split_protocol_10x1,miniboone_hgb_vs_logreg_average_precision_v01,nested_split_sensitivity_v01,nested_10x1_seed_grid_v01,single_outer_random_state,20260527,openml_miniboone_41150,lower_bound_model,hist_gradient_boosting,dummy_prior,roc_auc,higher_is_better,10,0.4851422887848543,0.0007801572839528712,0.4839191521694255,0.48650242756827355,10,0,0,stage05_split_protocol_sensitivity_summary,Сводка по одному зерну случайности внешнего разбиения 10x1; используется только внутри ST05_03a.
ST05_03a_split_protocol_10x1,miniboone_hgb_vs_logreg_average_precision_v01,nested_split_sensitivity_v01,nested_10x1_seed_grid_v01,all_outer_random_states,all,openml_miniboone_41150,primary_baseline,hist_gradient_boosting,logistic_regression,average_precision,higher_is_better,30,0.09032903149423469,0.004062338107976685,0.082055572531614,0.10197015172316615,30,0,0,stage05_split_protocol_sensitivity_summary,Сводка по всем зафиксированным зернам случайности протокола 10x1; не объединять с 5x2 без отдельного evidence record.
ST05_03a_split_protocol_10x1,miniboone_hgb_vs_logreg_average_precision_v01,nested_split_sensitivity_v01,nested_10x1_seed_grid_v01,single_outer_random_state,20260507,openml_miniboone_41150,primary_baseline,hist_gradient_boosting,logistic_regression,average_precision,higher_is_better,10,0.090554416356108,0.0018987751188391767,0.08806194196277839,0.09382910133867262,10,0,0,stage05_split_protocol_sensitivity_summary,Сводка по одному зерну случайности внешнего разбиения 10x1; используется только внутри ST05_03a.
ST05_03a_split_protocol_10x1,miniboone_hgb_vs_logreg_average_precision_v01,nested_split_sensitivity_v01,nested_10x1_seed_grid_v01,single_outer_random_state,20260517,openml_miniboone_41150,primary_baseline,hist_gradient_boosting,logistic_regression,average_precision,higher_is_better,10,0.0902950454101916,0.006299400841363075,0.082055572531614,0.10197015172316615,10,0,0,stage05_split_protocol_sensitivity_summary,Сводка по одному зерну случайности внешнего разбиения 10x1; используется только внутри ST05_03a.
ST05_03a_split_protocol_10x1,miniboone_hgb_vs_logreg_average_precision_v01,nested_split_sensitivity_v01,nested_10x1_seed_grid_v01,single_outer_random_state,20260527,openml_miniboone_41150,primary_baseline,hist_gradient_boosting,logistic_regression,average_precision,higher_is_better,10,0.09013763271640453,0.0024761639518507492,0.08747405424099253,0.09493706217753717,10,0,0,stage05_split_protocol_sensitivity_summary,Сводка по одному зерну случайности внешнего разбиения 10x1; используется только внутри ST05_03a.
ST05_03a_split_protocol_10x1,miniboone_hgb_vs_logreg_average_precision_v01,nested_split_sensitivity_v01,nested_10x1_seed_grid_v01,all_outer_random_states,all,openml_miniboone_41150,primary_baseline,hist_gradient_boosting,logistic_regression,balanced_accuracy,higher_is_better,30,0.09755191112275499,0.0028832847478460965,0.09330594388188374,0.10475874043460243,30,0,0,stage05_split_protocol_sensitivity_summary,Сводка по всем зафиксированным зернам случайности протокола 10x1; не объединять с 5x2 без отдельного evidence record.
ST05_03a_split_protocol_10x1,miniboone_hgb_vs_logreg_average_precision_v01,nested_split_sensitivity_v01,nested_10x1_seed_grid_v01,single_outer_random_state,20260507,openml_miniboone_41150,primary_baseline,hist_gradient_boosting,logistic_regression,balanced_accuracy,higher_is_better,10,0.09773688710258271,0.0017930739412050064,0.09517943492601688,0.10152065481706618,10,0,0,stage05_split_protocol_sensitivity_summary,Сводка по одному зерну случайности внешнего разбиения 10x1; используется только внутри ST05_03a.
ST05_03a_split_protocol_10x1,miniboone_hgb_vs_logreg_average_precision_v01,nested_split_sensitivity_v01,nested_10x1_seed_grid_v01,single_outer_random_state,20260517,openml_miniboone_41150,primary_baseline,hist_gradient_boosting,logistic_regression,balanced_accuracy,higher_is_better,10,0.09764081123455594,0.0026051024754500554,0.09358314996757233,0.10328565069957318,10,0,0,stage05_split_protocol_sensitivity_summary,Сводка по одному зерну случайности внешнего разбиения 10x1; используется только внутри ST05_03a.
ST05_03a_split_protocol_10x1,miniboone_hgb_vs_logreg_average_precision_v01,nested_split_sensitivity_v01,nested_10x1_seed_grid_v01,single_outer_random_state,20260527,openml_miniboone_41150,primary_baseline,hist_gradient_boosting,logistic_regression,balanced_accuracy,higher_is_better,10,0.0972780350311263,0.0038498301636181406,0.09330594388188374,0.10475874043460243,10,0,0,stage05_split_protocol_sensitivity_summary,Сводка по одному зерну случайности внешнего разбиения 10x1; используется только внутри ST05_03a.
ST05_03a_split_protocol_10x1,miniboone_hgb_vs_logreg_average_precision_v01,nested_split_sensitivity_v01,nested_10x1_seed_grid_v01,all_outer_random_states,all,openml_miniboone_41150,primary_baseline,hist_gradient_boosting,logistic_regression,brier_score,lower_is_better,30,0.043721160364916335,0.001159836644887157,0.041321709973114455,0.047084645210326556,30,0,0,stage05_split_protocol_sensitivity_summary,Сводка по всем зафиксированным зернам случайности протокола 10x1; не объединять с 5x2 без отдельного evidence record.
ST05_03a_split_protocol_10x1,miniboone_hgb_vs_logreg_average_precision_v01,nested_split_sensitivity_v01,nested_10x1_seed_grid_v01,single_outer_random_state,20260507,openml_miniboone_41150,primary_baseline,hist_gradient_boosting,logistic_regression,brier_score,lower_is_better,10,0.04388089616129215,0.0005814468153898622,0.043035451463969886,0.04507742760397871,10,0,0,stage05_split_protocol_sensitivity_summary,Сводка по одному зерну случайности внешнего разбиения 10x1; используется только внутри ST05_03a.
ST05_03a_split_protocol_10x1,miniboone_hgb_vs_logreg_average_precision_v01,nested_split_sensitivity_v01,nested_10x1_seed_grid_v01,single_outer_random_state,20260517,openml_miniboone_41150,primary_baseline,hist_gradient_boosting,logistic_regression,brier_score,lower_is_better,10,0.043577060670271874,0.0016771860675226598,0.041321709973114455,0.047084645210326556,10,0,0,stage05_split_protocol_sensitivity_summary,Сводка по одному зерну случайности внешнего разбиения 10x1; используется только внутри ST05_03a.
ST05_03a_split_protocol_10x1,miniboone_hgb_vs_logreg_average_precision_v01,nested_split_sensitivity_v01,nested_10x1_seed_grid_v01,single_outer_random_state,20260527,openml_miniboone_41150,primary_baseline,hist_gradient_boosting,logistic_regression,brier_score,lower_is_better,10,0.04370552426318499,0.0009154806879079209,0.04246081016343635,0.04599833127919426,10,0,0,stage05_split_protocol_sensitivity_summary,Сводка по одному зерну случайности внешнего разбиения 10x1; используется только внутри ST05_03a.
ST05_03a_split_protocol_10x1,miniboone_hgb_vs_logreg_average_precision_v01,nested_split_sensitivity_v01,nested_10x1_seed_grid_v01,all_outer_random_states,all,openml_miniboone_41150,primary_baseline,hist_gradient_boosting,logistic_regression,f1,higher_is_better,30,0.12223331785288687,0.0039485799265166375,0.11525266893405062,0.13145099710116503,30,0,0,stage05_split_protocol_sensitivity_summary,Сводка по всем зафиксированным зернам случайности протокола 10x1; не объединять с 5x2 без отдельного evidence record.
ST05_03a_split_protocol_10x1,miniboone_hgb_vs_logreg_average_precision_v01,nested_split_sensitivity_v01,nested_10x1_seed_grid_v01,single_outer_random_state,20260507,openml_miniboone_41150,primary_baseline,hist_gradient_boosting,logistic_regression,f1,higher_is_better,10,0.12274530464075953,0.0027706201167881314,0.11980248046491104,0.12892324520721565,10,0,0,stage05_split_protocol_sensitivity_summary,Сводка по одному зерну случайности внешнего разбиения 10x1; используется только внутри ST05_03a.
ST05_03a_split_protocol_10x1,miniboone_hgb_vs_logreg_average_precision_v01,nested_split_sensitivity_v01,nested_10x1_seed_grid_v01,single_outer_random_state,20260517,openml_miniboone_41150,primary_baseline,hist_gradient_boosting,logistic_regression,f1,higher_is_better,10,0.12228920371892324,0.004255420931960683,0.11525266893405062,0.13145099710116503,10,0,0,stage05_split_protocol_sensitivity_summary,Сводка по одному зерну случайности внешнего разбиения 10x1; используется только внутри ST05_03a.
ST05_03a_split_protocol_10x1,miniboone_hgb_vs_logreg_average_precision_v01,nested_split_sensitivity_v01,nested_10x1_seed_grid_v01,single_outer_random_state,20260527,openml_miniboone_41150,primary_baseline,hist_gradient_boosting,logistic_regression,f1,higher_is_better,10,0.12166544519897779,0.004516765891267075,0.11644995123274704,0.1310915854044058,10,0,0,stage05_split_protocol_sensitivity_summary,Сводка по одному зерну случайности внешнего разбиения 10x1; используется только внутри ST05_03a.
ST05_03a_split_protocol_10x1,miniboone_hgb_vs_logreg_average_precision_v01,nested_split_sensitivity_v01,nested_10x1_seed_grid_v01,all_outer_random_states,all,openml_miniboone_41150,primary_baseline,hist_gradient_boosting,logistic_regression,log_loss,lower_is_better,30,0.143877876632483,0.004030082882591941,0.136083586151683,0.15592125041642912,30,0,0,stage05_split_protocol_sensitivity_summary,Сводка по всем зафиксированным зернам случайности протокола 10x1; не объединять с 5x2 без отдельного evidence record.
ST05_03a_split_protocol_10x1,miniboone_hgb_vs_logreg_average_precision_v01,nested_split_sensitivity_v01,nested_10x1_seed_grid_v01,single_outer_random_state,20260507,openml_miniboone_41150,primary_baseline,hist_gradient_boosting,logistic_regression,log_loss,lower_is_better,10,0.14428493225267708,0.0024530072705382933,0.14069026619008201,0.14778979536135695,10,0,0,stage05_split_protocol_sensitivity_summary,Сводка по одному зерну случайности внешнего разбиения 10x1; используется только внутри ST05_03a.
ST05_03a_split_protocol_10x1,miniboone_hgb_vs_logreg_average_precision_v01,nested_split_sensitivity_v01,nested_10x1_seed_grid_v01,single_outer_random_state,20260517,openml_miniboone_41150,primary_baseline,hist_gradient_boosting,logistic_regression,log_loss,lower_is_better,10,0.14354313668673352,0.0059729172581742315,0.136083586151683,0.15592125041642912,10,0,0,stage05_split_protocol_sensitivity_summary,Сводка по одному зерну случайности внешнего разбиения 10x1; используется только внутри ST05_03a.
ST05_03a_split_protocol_10x1,miniboone_hgb_vs_logreg_average_precision_v01,nested_split_sensitivity_v01,nested_10x1_seed_grid_v01,single_outer_random_state,20260527,openml_miniboone_41150,primary_baseline,hist_gradient_boosting,logistic_regression,log_loss,lower_is_better,10,0.14380556095803834,0.002597834523865998,0.14128658167321623,0.15020521353711108,10,0,0,stage05_split_protocol_sensitivity_summary,Сводка по одному зерну случайности внешнего разбиения 10x1; используется только внутри ST05_03a.
ST05_03a_split_protocol_10x1,miniboone_hgb_vs_logreg_average_precision_v01,nested_split_sensitivity_v01,nested_10x1_seed_grid_v01,all_outer_random_states,all,openml_miniboone_41150,primary_baseline,hist_gradient_boosting,logistic_regression,roc_auc,higher_is_better,30,0.04461590547066185,0.002082212406733197,0.040530756030852544,0.05080279594956283,30,0,0,stage05_split_protocol_sensitivity_summary,Сводка по всем зафиксированным зернам случайности протокола 10x1; не объединять с 5x2 без отдельного evidence record.
ST05_03a_split_protocol_10x1,miniboone_hgb_vs_logreg_average_precision_v01,nested_split_sensitivity_v01,nested_10x1_seed_grid_v01,single_outer_random_state,20260507,openml_miniboone_41150,primary_baseline,hist_gradient_boosting,logistic_regression,roc_auc,higher_is_better,10,0.04468761679519541,0.0012729350151107742,0.04241084876202461,0.04629738778820636,10,0,0,stage05_split_protocol_sensitivity_summary,Сводка по одному зерну случайности внешнего разбиения 10x1; используется только внутри ST05_03a.
ST05_03a_split_protocol_10x1,miniboone_hgb_vs_logreg_average_precision_v01,nested_split_sensitivity_v01,nested_10x1_seed_grid_v01,single_outer_random_state,20260517,openml_miniboone_41150,primary_baseline,hist_gradient_boosting,logistic_regression,roc_auc,higher_is_better,10,0.044531082849999404,0.003033816688629965,0.040530756030852544,0.05080279594956283,10,0,0,stage05_split_protocol_sensitivity_summary,Сводка по одному зерну случайности внешнего разбиения 10x1; используется только внутри ST05_03a.
ST05_03a_split_protocol_10x1,miniboone_hgb_vs_logreg_average_precision_v01,nested_split_sensitivity_v01,nested_10x1_seed_grid_v01,single_outer_random_state,20260527,openml_miniboone_41150,primary_baseline,hist_gradient_boosting,logistic_regression,roc_auc,higher_is_better,10,0.04462901676679076,0.0014730610884235663,0.0429153928955488,0.04772873872172456,10,0,0,stage05_split_protocol_sensitivity_summary,Сводка по одному зерну случайности внешнего разбиения 10x1; используется только внутри ST05_03a.
