protocol_id,object,decision_ru,rationale_ru,source_reference,locked_before_run
miniboone_nested_cv_v01,candidate,Использовать openml_miniboone_41150.,"MiniBooNE имеет рабочий статус primary_tabular_candidate, но не финальный публикационный статус.",dataset_candidate_registry.csv line 3; openml_candidate_status_definitions.csv line 2,yes
miniboone_nested_cv_v01,features,Использовать только ParticleID_0 ... ParticleID_49.,Список признаков зафиксирован в плане REPORT_35; изменение признаков после просмотра результатов запрещено.,openml_report35_nested_cv_protocol_plan.md lines 11-18; stage_04 lines 35-42,yes
miniboone_nested_cv_v01,target,Использовать целевую переменную signal.,Целевая переменная зафиксирована в плане REPORT_35.,openml_report35_nested_cv_protocol_plan.md lines 11-18,yes
miniboone_nested_cv_v01,outer_cv,Использовать RepeatedStratifiedKFold 5×2.,"Сохраняется внешний контур, отделенный от выбора параметров.",openml_report35_nested_cv_protocol_plan.csv line 3,yes
miniboone_nested_cv_v01,inner_cv,Использовать StratifiedKFold 3 блока только на обучающей части внешнего блока.,Архив требует внутренний StratifiedKFold с малым числом блоков; 3 блока — вычислительно консервативная фиксация до запуска.,openml_report35_nested_cv_protocol_plan.csv line 4,yes
miniboone_nested_cv_v01,primary_scoring,Выбирать параметры по average_precision / PR-AUC.,Положительный класс занимает около 28.06%; precision-recall метрика зафиксирована как основная.,openml_report35_nested_cv_protocol_plan.csv line 5; scikit-learn average_precision_score documentation; scikit-learn Precision-Recall example,yes
miniboone_nested_cv_v01,model_scope,Настраивать только hist_gradient_boosting; logistic_regression и dummy_prior оставить контрольными без настройки.,Архив прямо запрещает удалять контрольные модели и не требует расширения семейств моделей.,stage_04 lines 35-42; openml_report35_nested_cv_protocol_plan.csv line 6,yes
miniboone_nested_cv_v01,search_space,Использовать только заранее зафиксированную малую сетку из model_space CSV.,Расширение пространства после просмотра внешних результатов создает риск методологической подгонки.,openml_report35_nested_cv_protocol_plan.csv line 7,yes
miniboone_nested_cv_v01,candidate_status,Не повышать статус MiniBooNE на этом шаге.,Финальный статус качества не присваивается до результатов вложенной проверки и отдельной проверки полноты.,REPORT_34 lines 56-64; stage_04 lines 66-75,yes
