candidate_id,model_id,feature_count,n_train,n_test,roc_auc,roc_auc_vs_dummy,pr_auc,pr_auc_vs_dummy,f1,f1_vs_dummy,balanced_accuracy,balanced_accuracy_vs_dummy,log_loss,log_loss_vs_dummy,brier_score,brier_score_vs_dummy,row_status,interpretation_allowed
openml_electricity_151,dummy_prior,5,36249,9063,0.5,0.0,0.424583,0.0,0.0,0.0,0.5,0.0,0.681728,0.0,0.244312,0.0,diagnostic_draft,no
openml_electricity_151,logistic_regression,5,36249,9063,0.810849,0.3108491567384185,0.789111,0.36452734989841384,0.682326,0.6823256488328259,0.739013,0.23901265839185304,0.510277,-0.1714516730370801,0.169147,-0.0751658092565489,diagnostic_draft,no
openml_electricity_151,hist_gradient_boosting,5,36249,9063,0.869187,0.3691869915863204,0.842786,0.41820244916684013,0.731335,0.7313348416289592,0.774849,0.27484900823826997,0.440709,-0.2410190569337639,0.144312,-0.10000029178154449,diagnostic_draft,no
openml_miniboone_41150,dummy_prior,50,104051,26013,0.5,0.0,0.280629,0.0,0.0,0.0,0.5,0.0,0.593546,0.0,0.201876,0.0,diagnostic_draft,no
openml_miniboone_41150,logistic_regression,50,104051,26013,0.937204,0.43720409004362215,0.863241,0.5826118493443102,0.777859,0.7778594531020289,0.835331,0.33533051523042,0.288947,-0.30459969026296646,0.086238,-0.1156386301219617,diagnostic_draft,no
openml_miniboone_41150,hist_gradient_boosting,50,104051,26013,0.982782,0.4827815400472458,0.952821,0.672191756429546,0.893171,0.8931708313474501,0.927123,0.4271229179919608,0.150734,-0.4428120194461629,0.044404,-0.157472111441891,diagnostic_draft,no
openml_click_prediction_small_41434,dummy_prior,3,31958,7990,0.5,0.0,0.168461,0.0,0.0,0.0,0.5,0.0,0.453437,0.0,0.140082,0.0,diagnostic_draft,no
openml_click_prediction_small_41434,logistic_regression,3,31958,7990,0.609511,0.10951115665476574,0.227142,0.058681497161077706,0.011765,0.0117647058823529,0.50252,0.0025202329823330594,0.443156,-0.010280783744513522,0.136852,-0.003229594629674093,diagnostic_draft,no
openml_click_prediction_small_41434,hist_gradient_boosting,3,31958,7990,0.626839,0.1268390164001887,0.245801,0.0773402780948412,0.033165,0.0331651045421773,0.507189,0.007189227921739261,0.437173,-0.016263354104154915,0.135419,-0.004662214000910575,diagnostic_draft,no
