stress_test_id,claim_id,run_group,protocol_variant_id,candidate_id,openml_dataset_id,dataset_name,target_name,target_class_0,target_class_1,positive_class_assumption,outer_random_state,outer_split_number,outer_repeat_number,outer_fold_number,outer_cv_method,outer_cv_n_splits,outer_cv_n_repeats,inner_cv_method,inner_cv_n_splits,inner_random_state,train_size,test_size,train_positive_share,test_positive_share,feature_count,model_id,model_role,selected_parameter_set_id,selected_params_json,inner_best_average_precision,inner_candidate_count,fit_seconds,predict_seconds,roc_auc,average_precision,pr_auc,f1,balanced_accuracy,log_loss,brier_score,row_status,interpretation_allowed_ru
ST05_03a_split_protocol_10x1,miniboone_hgb_vs_logreg_average_precision_v01,nested_split_sensitivity_v01,nested_10x1_seed_grid_v01,openml_miniboone_41150,41150,MiniBooNE,signal,False,True,True,20260507,1,1,1,RepeatedStratifiedKFold,10,1,StratifiedKFold,3,20260507,117057,13007,0.28062396951912316,0.2806181286999308,50,hist_gradient_boosting,tuned_candidate,hgb_8316cb7622a5,"{""l2_regularization"": 0.01, ""learning_rate"": 0.1, ""max_iter"": 150, ""max_leaf_nodes"": 63}",0.9588502132139887,16,62.884829,0.06905,0.9830279579715427,0.9555327309885152,0.9555327309885152,0.8952095808383234,0.9286926497047848,0.14854262594427353,0.04374033095390581,stage05_split_protocol_sensitivity_score,Использовать только для проверки чувствительности утверждения к протоколу 10x1; не объединять с 5x2 без отдельного evidence record.
ST05_03a_split_protocol_10x1,miniboone_hgb_vs_logreg_average_precision_v01,nested_split_sensitivity_v01,nested_10x1_seed_grid_v01,openml_miniboone_41150,41150,MiniBooNE,signal,False,True,True,20260507,1,1,1,RepeatedStratifiedKFold,10,1,not_applicable,,not_applicable,117057,13007,0.28062396951912316,0.2806181286999308,50,dummy_prior,lower_bound,not_applicable,,not_applicable,not_applicable,0.001828,0.0071,0.5,0.2806181286999308,0.2806181286999308,0.0,0.5,0.5935361691572264,0.201871594578995,stage05_split_protocol_sensitivity_score,Использовать только для проверки чувствительности утверждения к протоколу 10x1; не объединять с 5x2 без отдельного evidence record.
ST05_03a_split_protocol_10x1,miniboone_hgb_vs_logreg_average_precision_v01,nested_split_sensitivity_v01,nested_10x1_seed_grid_v01,openml_miniboone_41150,41150,MiniBooNE,signal,False,True,True,20260507,1,1,1,RepeatedStratifiedKFold,10,1,not_applicable,,not_applicable,117057,13007,0.28062396951912316,0.2806181286999308,50,logistic_regression,baseline,not_applicable,,not_applicable,not_applicable,1.769609,0.015606,0.9370592084747923,0.8629805407209507,0.8629805407209507,0.7710736468500443,0.8301381428598618,0.28923289213435555,0.08757033898663984,stage05_split_protocol_sensitivity_score,Использовать только для проверки чувствительности утверждения к протоколу 10x1; не объединять с 5x2 без отдельного evidence record.
ST05_03a_split_protocol_10x1,miniboone_hgb_vs_logreg_average_precision_v01,nested_split_sensitivity_v01,nested_10x1_seed_grid_v01,openml_miniboone_41150,41150,MiniBooNE,signal,False,True,True,20260507,2,1,2,RepeatedStratifiedKFold,10,1,StratifiedKFold,3,20260507,117057,13007,0.28062396951912316,0.2806181286999308,50,hist_gradient_boosting,tuned_candidate,hgb_8316cb7622a5,"{""l2_regularization"": 0.01, ""learning_rate"": 0.1, ""max_iter"": 150, ""max_leaf_nodes"": 63}",0.958100604792857,16,66.235624,0.095421,0.9845595488543484,0.9577439882900888,0.9577439882900888,0.900230758789195,0.9328187672843276,0.14194897718104332,0.04202354382579616,stage05_split_protocol_sensitivity_score,Использовать только для проверки чувствительности утверждения к протоколу 10x1; не объединять с 5x2 без отдельного evidence record.
ST05_03a_split_protocol_10x1,miniboone_hgb_vs_logreg_average_precision_v01,nested_split_sensitivity_v01,nested_10x1_seed_grid_v01,openml_miniboone_41150,41150,MiniBooNE,signal,False,True,True,20260507,2,1,2,RepeatedStratifiedKFold,10,1,not_applicable,,not_applicable,117057,13007,0.28062396951912316,0.2806181286999308,50,dummy_prior,lower_bound,not_applicable,,not_applicable,not_applicable,0.001976,0.01391,0.5,0.2806181286999308,0.2806181286999308,0.0,0.5,0.5935361691572264,0.201871594578995,stage05_split_protocol_sensitivity_score,Использовать только для проверки чувствительности утверждения к протоколу 10x1; не объединять с 5x2 без отдельного evidence record.
ST05_03a_split_protocol_10x1,miniboone_hgb_vs_logreg_average_precision_v01,nested_split_sensitivity_v01,nested_10x1_seed_grid_v01,openml_miniboone_41150,41150,MiniBooNE,signal,False,True,True,20260507,2,1,2,RepeatedStratifiedKFold,10,1,not_applicable,,not_applicable,117057,13007,0.28062396951912316,0.2806181286999308,50,logistic_regression,baseline,not_applicable,,not_applicable,not_applicable,1.371707,0.015755,0.938262161066142,0.8639148869514162,0.8639148869514162,0.7802310279280597,0.8376393323583107,0.2878832612489707,0.0860511097777477,stage05_split_protocol_sensitivity_score,Использовать только для проверки чувствительности утверждения к протоколу 10x1; не объединять с 5x2 без отдельного evidence record.
ST05_03a_split_protocol_10x1,miniboone_hgb_vs_logreg_average_precision_v01,nested_split_sensitivity_v01,nested_10x1_seed_grid_v01,openml_miniboone_41150,41150,MiniBooNE,signal,False,True,True,20260507,3,1,3,RepeatedStratifiedKFold,10,1,StratifiedKFold,3,20260507,117057,13007,0.28062396951912316,0.2806181286999308,50,hist_gradient_boosting,tuned_candidate,hgb_b5168b128e78,"{""l2_regularization"": 0.0, ""learning_rate"": 0.1, ""max_iter"": 150, ""max_leaf_nodes"": 63}",0.9580929114731385,16,68.752477,0.076852,0.985102911745803,0.9599392197857087,0.9599392197857087,0.9024918743228603,0.9349571121759257,0.1385064076131864,0.04068998221454486,stage05_split_protocol_sensitivity_score,Использовать только для проверки чувствительности утверждения к протоколу 10x1; не объединять с 5x2 без отдельного evidence record.
ST05_03a_split_protocol_10x1,miniboone_hgb_vs_logreg_average_precision_v01,nested_split_sensitivity_v01,nested_10x1_seed_grid_v01,openml_miniboone_41150,41150,MiniBooNE,signal,False,True,True,20260507,3,1,3,RepeatedStratifiedKFold,10,1,not_applicable,,not_applicable,117057,13007,0.28062396951912316,0.2806181286999308,50,dummy_prior,lower_bound,not_applicable,,not_applicable,not_applicable,0.00156,0.00698,0.5,0.2806181286999308,0.2806181286999308,0.0,0.5,0.5935361691572264,0.201871594578995,stage05_split_protocol_sensitivity_score,Использовать только для проверки чувствительности утверждения к протоколу 10x1; не объединять с 5x2 без отдельного evidence record.
ST05_03a_split_protocol_10x1,miniboone_hgb_vs_logreg_average_precision_v01,nested_split_sensitivity_v01,nested_10x1_seed_grid_v01,openml_miniboone_41150,41150,MiniBooNE,signal,False,True,True,20260507,3,1,3,RepeatedStratifiedKFold,10,1,not_applicable,,not_applicable,117057,13007,0.28062396951912316,0.2806181286999308,50,logistic_regression,baseline,not_applicable,,not_applicable,not_applicable,2.399896,0.015749,0.9426255634562654,0.8709835851530867,0.8709835851530867,0.7814902424600828,0.8368864713400415,0.28010488513429527,0.08372543367851475,stage05_split_protocol_sensitivity_score,Использовать только для проверки чувствительности утверждения к протоколу 10x1; не объединять с 5x2 без отдельного evidence record.
ST05_03a_split_protocol_10x1,miniboone_hgb_vs_logreg_average_precision_v01,nested_split_sensitivity_v01,nested_10x1_seed_grid_v01,openml_miniboone_41150,41150,MiniBooNE,signal,False,True,True,20260507,4,1,4,RepeatedStratifiedKFold,10,1,StratifiedKFold,3,20260507,117057,13007,0.28062396951912316,0.2806181286999308,50,hist_gradient_boosting,tuned_candidate,hgb_8316cb7622a5,"{""l2_regularization"": 0.01, ""learning_rate"": 0.1, ""max_iter"": 150, ""max_leaf_nodes"": 63}",0.9580407391974649,16,59.898061,0.08052,0.9856144765987225,0.9608416879685293,0.9608416879685293,0.9015501767745445,0.9333230121467921,0.13731317225160333,0.04058958288284674,stage05_split_protocol_sensitivity_score,Использовать только для проверки чувствительности утверждения к протоколу 10x1; не объединять с 5x2 без отдельного evidence record.
ST05_03a_split_protocol_10x1,miniboone_hgb_vs_logreg_average_precision_v01,nested_split_sensitivity_v01,nested_10x1_seed_grid_v01,openml_miniboone_41150,41150,MiniBooNE,signal,False,True,True,20260507,4,1,4,RepeatedStratifiedKFold,10,1,not_applicable,,not_applicable,117057,13007,0.28062396951912316,0.2806181286999308,50,dummy_prior,lower_bound,not_applicable,,not_applicable,not_applicable,0.002093,0.007055,0.5,0.2806181286999308,0.2806181286999308,0.0,0.5,0.5935361691572264,0.201871594578995,stage05_split_protocol_sensitivity_score,Использовать только для проверки чувствительности утверждения к протоколу 10x1; не объединять с 5x2 без отдельного evidence record.
ST05_03a_split_protocol_10x1,miniboone_hgb_vs_logreg_average_precision_v01,nested_split_sensitivity_v01,nested_10x1_seed_grid_v01,openml_miniboone_41150,41150,MiniBooNE,signal,False,True,True,20260507,4,1,4,RepeatedStratifiedKFold,10,1,not_applicable,,not_applicable,117057,13007,0.28062396951912316,0.2806181286999308,50,logistic_regression,baseline,not_applicable,,not_applicable,not_applicable,1.336731,0.016559,0.9403500565835262,0.8698521776742582,0.8698521776742582,0.7726269315673289,0.831802357329726,0.2841017274921566,0.08484885255970302,stage05_split_protocol_sensitivity_score,Использовать только для проверки чувствительности утверждения к протоколу 10x1; не объединять с 5x2 без отдельного evidence record.
ST05_03a_split_protocol_10x1,miniboone_hgb_vs_logreg_average_precision_v01,nested_split_sensitivity_v01,nested_10x1_seed_grid_v01,openml_miniboone_41150,41150,MiniBooNE,signal,False,True,True,20260507,5,1,5,RepeatedStratifiedKFold,10,1,StratifiedKFold,3,20260507,117058,13006,0.2806215722120658,0.28063970475165306,50,hist_gradient_boosting,tuned_candidate,hgb_b5168b128e78,"{""l2_regularization"": 0.0, ""learning_rate"": 0.1, ""max_iter"": 150, ""max_leaf_nodes"": 63}",0.9580971811144569,16,68.125229,0.412498,0.9857013739626467,0.9621536138198962,0.9621536138198962,0.9024689673987177,0.9332169525672487,0.13723655795507006,0.040376379833101286,stage05_split_protocol_sensitivity_score,Использовать только для проверки чувствительности утверждения к протоколу 10x1; не объединять с 5x2 без отдельного evidence record.
ST05_03a_split_protocol_10x1,miniboone_hgb_vs_logreg_average_precision_v01,nested_split_sensitivity_v01,nested_10x1_seed_grid_v01,openml_miniboone_41150,41150,MiniBooNE,signal,False,True,True,20260507,5,1,5,RepeatedStratifiedKFold,10,1,not_applicable,,not_applicable,117058,13006,0.2806215722120658,0.28063970475165306,50,dummy_prior,lower_bound,not_applicable,,not_applicable,not_applicable,0.001774,0.00757,0.5,0.28063970475165306,0.28063970475165306,0.0,0.5,0.5935564803764756,0.201881061197347,stage05_split_protocol_sensitivity_score,Использовать только для проверки чувствительности утверждения к протоколу 10x1; не объединять с 5x2 без отдельного evidence record.
ST05_03a_split_protocol_10x1,miniboone_hgb_vs_logreg_average_precision_v01,nested_split_sensitivity_v01,nested_10x1_seed_grid_v01,openml_miniboone_41150,41150,MiniBooNE,signal,False,True,True,20260507,5,1,5,RepeatedStratifiedKFold,10,1,not_applicable,,not_applicable,117058,13006,0.2806215722120658,0.28063970475165306,50,logistic_regression,baseline,not_applicable,,not_applicable,not_applicable,1.420263,0.017369,0.9409252139129824,0.8728877397115876,0.8728877397115876,0.782274741506647,0.8375152711321429,0.2797927185512355,0.08393696003731016,stage05_split_protocol_sensitivity_score,Использовать только для проверки чувствительности утверждения к протоколу 10x1; не объединять с 5x2 без отдельного evidence record.
ST05_03a_split_protocol_10x1,miniboone_hgb_vs_logreg_average_precision_v01,nested_split_sensitivity_v01,nested_10x1_seed_grid_v01,openml_miniboone_41150,41150,MiniBooNE,signal,False,True,True,20260507,6,1,6,RepeatedStratifiedKFold,10,1,StratifiedKFold,3,20260507,117058,13006,0.2806215722120658,0.28063970475165306,50,hist_gradient_boosting,tuned_candidate,hgb_b5168b128e78,"{""l2_regularization"": 0.0, ""learning_rate"": 0.1, ""max_iter"": 150, ""max_leaf_nodes"": 63}",0.9583543834796854,16,70.04957,0.068143,0.9870297574774374,0.9645709466441065,0.9645709466441065,0.9090909090909091,0.9384021388369927,0.13005893846239464,0.0381777197397097,stage05_split_protocol_sensitivity_score,Использовать только для проверки чувствительности утверждения к протоколу 10x1; не объединять с 5x2 без отдельного evidence record.
ST05_03a_split_protocol_10x1,miniboone_hgb_vs_logreg_average_precision_v01,nested_split_sensitivity_v01,nested_10x1_seed_grid_v01,openml_miniboone_41150,41150,MiniBooNE,signal,False,True,True,20260507,6,1,6,RepeatedStratifiedKFold,10,1,not_applicable,,not_applicable,117058,13006,0.2806215722120658,0.28063970475165306,50,dummy_prior,lower_bound,not_applicable,,not_applicable,not_applicable,0.00158,0.007561,0.5,0.28063970475165306,0.28063970475165306,0.0,0.5,0.5935564803764756,0.201881061197347,stage05_split_protocol_sensitivity_score,Использовать только для проверки чувствительности утверждения к протоколу 10x1; не объединять с 5x2 без отдельного evidence record.
ST05_03a_split_protocol_10x1,miniboone_hgb_vs_logreg_average_precision_v01,nested_split_sensitivity_v01,nested_10x1_seed_grid_v01,openml_miniboone_41150,41150,MiniBooNE,signal,False,True,True,20260507,6,1,6,RepeatedStratifiedKFold,10,1,not_applicable,,not_applicable,117058,13006,0.2806215722120658,0.28063970475165306,50,logistic_regression,baseline,not_applicable,,not_applicable,not_applicable,2.072047,0.016247,0.9419941199552555,0.8760606096436626,0.8760606096436626,0.7868080094228505,0.840909825648474,0.2778487338237516,0.08325514734368841,stage05_split_protocol_sensitivity_score,Использовать только для проверки чувствительности утверждения к протоколу 10x1; не объединять с 5x2 без отдельного evidence record.
ST05_03a_split_protocol_10x1,miniboone_hgb_vs_logreg_average_precision_v01,nested_split_sensitivity_v01,nested_10x1_seed_grid_v01,openml_miniboone_41150,41150,MiniBooNE,signal,False,True,True,20260507,7,1,7,RepeatedStratifiedKFold,10,1,StratifiedKFold,3,20260507,117058,13006,0.2806215722120658,0.28063970475165306,50,hist_gradient_boosting,tuned_candidate,hgb_b5168b128e78,"{""l2_regularization"": 0.0, ""learning_rate"": 0.1, ""max_iter"": 150, ""max_leaf_nodes"": 63}",0.9589758484605211,16,59.754258,0.076601,0.9844538410630932,0.9548907954658058,0.9548907954658058,0.9026548672566371,0.933801765184747,0.14152386956281035,0.04149320633332196,stage05_split_protocol_sensitivity_score,Использовать только для проверки чувствительности утверждения к протоколу 10x1; не объединять с 5x2 без отдельного evidence record.
ST05_03a_split_protocol_10x1,miniboone_hgb_vs_logreg_average_precision_v01,nested_split_sensitivity_v01,nested_10x1_seed_grid_v01,openml_miniboone_41150,41150,MiniBooNE,signal,False,True,True,20260507,7,1,7,RepeatedStratifiedKFold,10,1,not_applicable,,not_applicable,117058,13006,0.2806215722120658,0.28063970475165306,50,dummy_prior,lower_bound,not_applicable,,not_applicable,not_applicable,0.001589,0.007028,0.5,0.28063970475165306,0.28063970475165306,0.0,0.5,0.5935564803764756,0.201881061197347,stage05_split_protocol_sensitivity_score,Использовать только для проверки чувствительности утверждения к протоколу 10x1; не объединять с 5x2 без отдельного evidence record.
ST05_03a_split_protocol_10x1,miniboone_hgb_vs_logreg_average_precision_v01,nested_split_sensitivity_v01,nested_10x1_seed_grid_v01,openml_miniboone_41150,41150,MiniBooNE,signal,False,True,True,20260507,7,1,7,RepeatedStratifiedKFold,10,1,not_applicable,,not_applicable,117058,13006,0.2806215722120658,0.28063970475165306,50,logistic_regression,baseline,not_applicable,,not_applicable,not_applicable,2.256109,0.015521,0.9393904138872133,0.864961497946912,0.864961497946912,0.7766647024160283,0.8342681862638874,0.2859645599164646,0.08517913535644187,stage05_split_protocol_sensitivity_score,Использовать только для проверки чувствительности утверждения к протоколу 10x1; не объединять с 5x2 без отдельного evidence record.
ST05_03a_split_protocol_10x1,miniboone_hgb_vs_logreg_average_precision_v01,nested_split_sensitivity_v01,nested_10x1_seed_grid_v01,openml_miniboone_41150,41150,MiniBooNE,signal,False,True,True,20260507,8,1,8,RepeatedStratifiedKFold,10,1,StratifiedKFold,3,20260507,117058,13006,0.2806215722120658,0.28063970475165306,50,hist_gradient_boosting,tuned_candidate,hgb_8316cb7622a5,"{""l2_regularization"": 0.01, ""learning_rate"": 0.1, ""max_iter"": 150, ""max_leaf_nodes"": 63}",0.9578685261551957,16,59.079114,0.076686,0.9853708117858586,0.9607173674828744,0.9607173674828744,0.9057734204793029,0.9359499142005423,0.1367233417649967,0.03999587941298696,stage05_split_protocol_sensitivity_score,Использовать только для проверки чувствительности утверждения к протоколу 10x1; не объединять с 5x2 без отдельного evidence record.
ST05_03a_split_protocol_10x1,miniboone_hgb_vs_logreg_average_precision_v01,nested_split_sensitivity_v01,nested_10x1_seed_grid_v01,openml_miniboone_41150,41150,MiniBooNE,signal,False,True,True,20260507,8,1,8,RepeatedStratifiedKFold,10,1,not_applicable,,not_applicable,117058,13006,0.2806215722120658,0.28063970475165306,50,dummy_prior,lower_bound,not_applicable,,not_applicable,not_applicable,0.001979,0.006866,0.5,0.28063970475165306,0.28063970475165306,0.0,0.5,0.5935564803764756,0.201881061197347,stage05_split_protocol_sensitivity_score,Использовать только для проверки чувствительности утверждения к протоколу 10x1; не объединять с 5x2 без отдельного evidence record.
ST05_03a_split_protocol_10x1,miniboone_hgb_vs_logreg_average_precision_v01,nested_split_sensitivity_v01,nested_10x1_seed_grid_v01,openml_miniboone_41150,41150,MiniBooNE,signal,False,True,True,20260507,8,1,8,RepeatedStratifiedKFold,10,1,not_applicable,,not_applicable,117058,13006,0.2806215722120658,0.28063970475165306,50,logistic_regression,baseline,not_applicable,,not_applicable,not_applicable,1.662546,0.020126,0.9397804353810024,0.8676863934416474,0.8676863934416474,0.7834413671184444,0.8386480289551207,0.2842747803293324,0.08454481781236145,stage05_split_protocol_sensitivity_score,Использовать только для проверки чувствительности утверждения к протоколу 10x1; не объединять с 5x2 без отдельного evidence record.
ST05_03a_split_protocol_10x1,miniboone_hgb_vs_logreg_average_precision_v01,nested_split_sensitivity_v01,nested_10x1_seed_grid_v01,openml_miniboone_41150,41150,MiniBooNE,signal,False,True,True,20260507,9,1,9,RepeatedStratifiedKFold,10,1,StratifiedKFold,3,20260507,117058,13006,0.2806215722120658,0.28063970475165306,50,hist_gradient_boosting,tuned_candidate,hgb_b5168b128e78,"{""l2_regularization"": 0.0, ""learning_rate"": 0.1, ""max_iter"": 150, ""max_leaf_nodes"": 63}",0.9581764740523377,16,62.207972,0.078237,0.9852815569234012,0.9609578805929867,0.9609578805929867,0.9040314917877019,0.9354824682132044,0.13836175892419372,0.040499306888193455,stage05_split_protocol_sensitivity_score,Использовать только для проверки чувствительности утверждения к протоколу 10x1; не объединять с 5x2 без отдельного evidence record.
ST05_03a_split_protocol_10x1,miniboone_hgb_vs_logreg_average_precision_v01,nested_split_sensitivity_v01,nested_10x1_seed_grid_v01,openml_miniboone_41150,41150,MiniBooNE,signal,False,True,True,20260507,9,1,9,RepeatedStratifiedKFold,10,1,not_applicable,,not_applicable,117058,13006,0.2806215722120658,0.28063970475165306,50,dummy_prior,lower_bound,not_applicable,,not_applicable,not_applicable,0.001533,0.00706,0.5,0.28063970475165306,0.28063970475165306,0.0,0.5,0.5935564803764756,0.201881061197347,stage05_split_protocol_sensitivity_score,Использовать только для проверки чувствительности утверждения к протоколу 10x1; не объединять с 5x2 без отдельного evidence record.
ST05_03a_split_protocol_10x1,miniboone_hgb_vs_logreg_average_precision_v01,nested_split_sensitivity_v01,nested_10x1_seed_grid_v01,openml_miniboone_41150,41150,MiniBooNE,signal,False,True,True,20260507,9,1,9,RepeatedStratifiedKFold,10,1,not_applicable,,not_applicable,117058,13006,0.2806215722120658,0.28063970475165306,50,logistic_regression,baseline,not_applicable,,not_applicable,not_applicable,1.762881,0.016054,0.9412897444757446,0.8705385781966886,0.8705385781966886,0.7812408115260218,0.8375189900847453,0.28068429311147347,0.0839222962755938,stage05_split_protocol_sensitivity_score,Использовать только для проверки чувствительности утверждения к протоколу 10x1; не объединять с 5x2 без отдельного evidence record.
ST05_03a_split_protocol_10x1,miniboone_hgb_vs_logreg_average_precision_v01,nested_split_sensitivity_v01,nested_10x1_seed_grid_v01,openml_miniboone_41150,41150,MiniBooNE,signal,False,True,True,20260507,10,1,10,RepeatedStratifiedKFold,10,1,StratifiedKFold,3,20260507,117058,13006,0.2806301149857336,0.28056281716131015,50,hist_gradient_boosting,tuned_candidate,hgb_8316cb7622a5,"{""l2_regularization"": 0.01, ""learning_rate"": 0.1, ""max_iter"": 150, ""max_leaf_nodes"": 63}",0.9580070520463639,16,62.539401,0.102954,0.9862092392876189,0.9626609068779868,0.9626609068779868,0.9023725115898554,0.9333199838693489,0.13407598066639545,0.03965688203978189,stage05_split_protocol_sensitivity_score,Использовать только для проверки чувствительности утверждения к протоколу 10x1; не объединять с 5x2 без отдельного evidence record.
ST05_03a_split_protocol_10x1,miniboone_hgb_vs_logreg_average_precision_v01,nested_split_sensitivity_v01,nested_10x1_seed_grid_v01,openml_miniboone_41150,41150,MiniBooNE,signal,False,True,True,20260507,10,1,10,RepeatedStratifiedKFold,10,1,not_applicable,,not_applicable,117058,13006,0.2806301149857336,0.28056281716131015,50,dummy_prior,lower_bound,not_applicable,,not_applicable,not_applicable,0.002542,0.0133,0.5,0.28056281716131015,0.28056281716131015,0.0,0.5,0.5934841025652696,0.20184732731681662,stage05_split_protocol_sensitivity_score,Использовать только для проверки чувствительности утверждения к протоколу 10x1; не объединять с 5x2 без отдельного evidence record.
ST05_03a_split_protocol_10x1,miniboone_hgb_vs_logreg_average_precision_v01,nested_split_sensitivity_v01,nested_10x1_seed_grid_v01,openml_miniboone_41150,41150,MiniBooNE,signal,False,True,True,20260507,10,1,10,RepeatedStratifiedKFold,10,1,not_applicable,,not_applicable,117058,13006,0.2806301149857336,0.28056281716131015,50,logistic_regression,baseline,not_applicable,,not_applicable,not_applicable,1.913102,0.019973,0.9437983905255943,0.8745989649152084,0.8745989649152084,0.7825700311249444,0.8372692871857769,0.27725310111070256,0.08301768390910928,stage05_split_protocol_sensitivity_score,Использовать только для проверки чувствительности утверждения к протоколу 10x1; не объединять с 5x2 без отдельного evidence record.
ST05_03a_split_protocol_10x1,miniboone_hgb_vs_logreg_average_precision_v01,nested_split_sensitivity_v01,nested_10x1_seed_grid_v01,openml_miniboone_41150,41150,MiniBooNE,signal,False,True,True,20260517,1,1,1,RepeatedStratifiedKFold,10,1,StratifiedKFold,3,20260517,117057,13007,0.28062396951912316,0.2806181286999308,50,hist_gradient_boosting,tuned_candidate,hgb_b5168b128e78,"{""l2_regularization"": 0.0, ""learning_rate"": 0.1, ""max_iter"": 150, ""max_leaf_nodes"": 63}",0.9574695135160938,16,61.429587,0.070297,0.9861746754682232,0.9629456698429747,0.9629456698429747,0.9048983490244236,0.9348493326364702,0.13395252907244348,0.03934017539710159,stage05_split_protocol_sensitivity_score,Использовать только для проверки чувствительности утверждения к протоколу 10x1; не объединять с 5x2 без отдельного evidence record.
ST05_03a_split_protocol_10x1,miniboone_hgb_vs_logreg_average_precision_v01,nested_split_sensitivity_v01,nested_10x1_seed_grid_v01,openml_miniboone_41150,41150,MiniBooNE,signal,False,True,True,20260517,1,1,1,RepeatedStratifiedKFold,10,1,not_applicable,,not_applicable,117057,13007,0.28062396951912316,0.2806181286999308,50,dummy_prior,lower_bound,not_applicable,,not_applicable,not_applicable,0.002114,0.006684,0.5,0.2806181286999308,0.2806181286999308,0.0,0.5,0.5935361691572264,0.201871594578995,stage05_split_protocol_sensitivity_score,Использовать только для проверки чувствительности утверждения к протоколу 10x1; не объединять с 5x2 без отдельного evidence record.
ST05_03a_split_protocol_10x1,miniboone_hgb_vs_logreg_average_precision_v01,nested_split_sensitivity_v01,nested_10x1_seed_grid_v01,openml_miniboone_41150,41150,MiniBooNE,signal,False,True,True,20260517,1,1,1,RepeatedStratifiedKFold,10,1,not_applicable,,not_applicable,117057,13007,0.28062396951912316,0.2806181286999308,50,logistic_regression,baseline,not_applicable,,not_applicable,not_applicable,1.752756,0.016985,0.9422427865154064,0.8699571678484839,0.8699571678484839,0.7789817426154074,0.8347112190565703,0.2800231681913025,0.08397326515838545,stage05_split_protocol_sensitivity_score,Использовать только для проверки чувствительности утверждения к протоколу 10x1; не объединять с 5x2 без отдельного evidence record.
ST05_03a_split_protocol_10x1,miniboone_hgb_vs_logreg_average_precision_v01,nested_split_sensitivity_v01,nested_10x1_seed_grid_v01,openml_miniboone_41150,41150,MiniBooNE,signal,False,True,True,20260517,2,1,2,RepeatedStratifiedKFold,10,1,StratifiedKFold,3,20260517,117057,13007,0.28062396951912316,0.2806181286999308,50,hist_gradient_boosting,tuned_candidate,hgb_8316cb7622a5,"{""l2_regularization"": 0.01, ""learning_rate"": 0.1, ""max_iter"": 150, ""max_leaf_nodes"": 63}",0.9584524744131734,16,68.837438,0.332258,0.9850949768761502,0.9581721344668601,0.9581721344668601,0.9035738368172623,0.9367281985064291,0.13941146898939816,0.04130208693616547,stage05_split_protocol_sensitivity_score,Использовать только для проверки чувствительности утверждения к протоколу 10x1; не объединять с 5x2 без отдельного evidence record.
ST05_03a_split_protocol_10x1,miniboone_hgb_vs_logreg_average_precision_v01,nested_split_sensitivity_v01,nested_10x1_seed_grid_v01,openml_miniboone_41150,41150,MiniBooNE,signal,False,True,True,20260517,2,1,2,RepeatedStratifiedKFold,10,1,not_applicable,,not_applicable,117057,13007,0.28062396951912316,0.2806181286999308,50,dummy_prior,lower_bound,not_applicable,,not_applicable,not_applicable,0.001714,0.010195,0.5,0.2806181286999308,0.2806181286999308,0.0,0.5,0.5935361691572264,0.201871594578995,stage05_split_protocol_sensitivity_score,Использовать только для проверки чувствительности утверждения к протоколу 10x1; не объединять с 5x2 без отдельного evidence record.
ST05_03a_split_protocol_10x1,miniboone_hgb_vs_logreg_average_precision_v01,nested_split_sensitivity_v01,nested_10x1_seed_grid_v01,openml_miniboone_41150,41150,MiniBooNE,signal,False,True,True,20260517,2,1,2,RepeatedStratifiedKFold,10,1,not_applicable,,not_applicable,117057,13007,0.28062396951912316,0.2806181286999308,50,logistic_regression,baseline,not_applicable,,not_applicable,not_applicable,1.793262,0.017749,0.9438389836339651,0.8729173949457882,0.8729173949457882,0.7883211678832117,0.8431450485388567,0.2773411624901936,0.08262379690927993,stage05_split_protocol_sensitivity_score,Использовать только для проверки чувствительности утверждения к протоколу 10x1; не объединять с 5x2 без отдельного evidence record.
ST05_03a_split_protocol_10x1,miniboone_hgb_vs_logreg_average_precision_v01,nested_split_sensitivity_v01,nested_10x1_seed_grid_v01,openml_miniboone_41150,41150,MiniBooNE,signal,False,True,True,20260517,3,1,3,RepeatedStratifiedKFold,10,1,StratifiedKFold,3,20260517,117057,13007,0.28062396951912316,0.2806181286999308,50,hist_gradient_boosting,tuned_candidate,hgb_b5168b128e78,"{""l2_regularization"": 0.0, ""learning_rate"": 0.1, ""max_iter"": 150, ""max_leaf_nodes"": 63}",0.9576504320735372,16,64.561169,0.06554,0.9858920067168231,0.9614369224890533,0.9614369224890533,0.906318082788671,0.9363328604619499,0.1352696984578626,0.03939892817610885,stage05_split_protocol_sensitivity_score,Использовать только для проверки чувствительности утверждения к протоколу 10x1; не объединять с 5x2 без отдельного evidence record.
ST05_03a_split_protocol_10x1,miniboone_hgb_vs_logreg_average_precision_v01,nested_split_sensitivity_v01,nested_10x1_seed_grid_v01,openml_miniboone_41150,41150,MiniBooNE,signal,False,True,True,20260517,3,1,3,RepeatedStratifiedKFold,10,1,not_applicable,,not_applicable,117057,13007,0.28062396951912316,0.2806181286999308,50,dummy_prior,lower_bound,not_applicable,,not_applicable,not_applicable,0.001533,0.006706,0.5,0.2806181286999308,0.2806181286999308,0.0,0.5,0.5935361691572264,0.201871594578995,stage05_split_protocol_sensitivity_score,Использовать только для проверки чувствительности утверждения к протоколу 10x1; не объединять с 5x2 без отдельного evidence record.
ST05_03a_split_protocol_10x1,miniboone_hgb_vs_logreg_average_precision_v01,nested_split_sensitivity_v01,nested_10x1_seed_grid_v01,openml_miniboone_41150,41150,MiniBooNE,signal,False,True,True,20260517,3,1,3,RepeatedStratifiedKFold,10,1,not_applicable,,not_applicable,117057,13007,0.28062396951912316,0.2806181286999308,50,logistic_regression,baseline,not_applicable,,not_applicable,not_applicable,1.547897,0.01603,0.9423456470212761,0.8793813499574393,0.8793813499574393,0.7858934631842999,0.8400002488796754,0.2756582002208609,0.08277316748425538,stage05_split_protocol_sensitivity_score,Использовать только для проверки чувствительности утверждения к протоколу 10x1; не объединять с 5x2 без отдельного evidence record.
ST05_03a_split_protocol_10x1,miniboone_hgb_vs_logreg_average_precision_v01,nested_split_sensitivity_v01,nested_10x1_seed_grid_v01,openml_miniboone_41150,41150,MiniBooNE,signal,False,True,True,20260517,4,1,4,RepeatedStratifiedKFold,10,1,StratifiedKFold,3,20260517,117057,13007,0.28062396951912316,0.2806181286999308,50,hist_gradient_boosting,tuned_candidate,hgb_8316cb7622a5,"{""l2_regularization"": 0.01, ""learning_rate"": 0.1, ""max_iter"": 150, ""max_leaf_nodes"": 63}",0.958432359009859,16,60.303093,0.301606,0.9845956071273284,0.9584917137493554,0.9584917137493554,0.8981518953190342,0.9328362035015907,0.14262982069907995,0.04262332687851865,stage05_split_protocol_sensitivity_score,Использовать только для проверки чувствительности утверждения к протоколу 10x1; не объединять с 5x2 без отдельного evidence record.
ST05_03a_split_protocol_10x1,miniboone_hgb_vs_logreg_average_precision_v01,nested_split_sensitivity_v01,nested_10x1_seed_grid_v01,openml_miniboone_41150,41150,MiniBooNE,signal,False,True,True,20260517,4,1,4,RepeatedStratifiedKFold,10,1,not_applicable,,not_applicable,117057,13007,0.28062396951912316,0.2806181286999308,50,dummy_prior,lower_bound,not_applicable,,not_applicable,not_applicable,0.001572,0.006947,0.5,0.2806181286999308,0.2806181286999308,0.0,0.5,0.5935361691572264,0.201871594578995,stage05_split_protocol_sensitivity_score,Использовать только для проверки чувствительности утверждения к протоколу 10x1; не объединять с 5x2 без отдельного evidence record.
ST05_03a_split_protocol_10x1,miniboone_hgb_vs_logreg_average_precision_v01,nested_split_sensitivity_v01,nested_10x1_seed_grid_v01,openml_miniboone_41150,41150,MiniBooNE,signal,False,True,True,20260517,4,1,4,RepeatedStratifiedKFold,10,1,not_applicable,,not_applicable,117057,13007,0.28062396951912316,0.2806181286999308,50,logistic_regression,baseline,not_applicable,,not_applicable,not_applicable,1.898295,0.016103,0.9377341115947185,0.8597099960134968,0.8597099960134968,0.7795367927294049,0.8368339430885382,0.290522559831405,0.08672929641501574,stage05_split_protocol_sensitivity_score,Использовать только для проверки чувствительности утверждения к протоколу 10x1; не объединять с 5x2 без отдельного evidence record.
ST05_03a_split_protocol_10x1,miniboone_hgb_vs_logreg_average_precision_v01,nested_split_sensitivity_v01,nested_10x1_seed_grid_v01,openml_miniboone_41150,41150,MiniBooNE,signal,False,True,True,20260517,5,1,5,RepeatedStratifiedKFold,10,1,StratifiedKFold,3,20260517,117058,13006,0.2806215722120658,0.28063970475165306,50,hist_gradient_boosting,tuned_candidate,hgb_b5168b128e78,"{""l2_regularization"": 0.0, ""learning_rate"": 0.1, ""max_iter"": 150, ""max_leaf_nodes"": 63}",0.9579123685856931,16,67.061675,0.065059,0.9854997159540139,0.9601647925986294,0.9601647925986294,0.9008614795569534,0.9315129109149795,0.137519266756833,0.04061529747653141,stage05_split_protocol_sensitivity_score,Использовать только для проверки чувствительности утверждения к протоколу 10x1; не объединять с 5x2 без отдельного evidence record.
ST05_03a_split_protocol_10x1,miniboone_hgb_vs_logreg_average_precision_v01,nested_split_sensitivity_v01,nested_10x1_seed_grid_v01,openml_miniboone_41150,41150,MiniBooNE,signal,False,True,True,20260517,5,1,5,RepeatedStratifiedKFold,10,1,not_applicable,,not_applicable,117058,13006,0.2806215722120658,0.28063970475165306,50,dummy_prior,lower_bound,not_applicable,,not_applicable,not_applicable,0.001575,0.006904,0.5,0.28063970475165306,0.28063970475165306,0.0,0.5,0.5935564803764756,0.201881061197347,stage05_split_protocol_sensitivity_score,Использовать только для проверки чувствительности утверждения к протоколу 10x1; не объединять с 5x2 без отдельного evidence record.
ST05_03a_split_protocol_10x1,miniboone_hgb_vs_logreg_average_precision_v01,nested_split_sensitivity_v01,nested_10x1_seed_grid_v01,openml_miniboone_41150,41150,MiniBooNE,signal,False,True,True,20260517,5,1,5,RepeatedStratifiedKFold,10,1,not_applicable,,not_applicable,117058,13006,0.2806215722120658,0.28063970475165306,50,logistic_regression,baseline,not_applicable,,not_applicable,not_applicable,1.514857,0.018418,0.937402706928965,0.8661992119926587,0.8661992119926587,0.775946547884187,0.8327207505841977,0.28792305498385967,0.08571291703297988,stage05_split_protocol_sensitivity_score,Использовать только для проверки чувствительности утверждения к протоколу 10x1; не объединять с 5x2 без отдельного evidence record.
ST05_03a_split_protocol_10x1,miniboone_hgb_vs_logreg_average_precision_v01,nested_split_sensitivity_v01,nested_10x1_seed_grid_v01,openml_miniboone_41150,41150,MiniBooNE,signal,False,True,True,20260517,6,1,6,RepeatedStratifiedKFold,10,1,StratifiedKFold,3,20260517,117058,13006,0.2806215722120658,0.28063970475165306,50,hist_gradient_boosting,tuned_candidate,hgb_8316cb7622a5,"{""l2_regularization"": 0.01, ""learning_rate"": 0.1, ""max_iter"": 150, ""max_leaf_nodes"": 63}",0.9588604735845189,16,69.902638,0.090563,0.9842447597908016,0.9568981379637193,0.9568981379637193,0.8988825292995366,0.9309385816441871,0.14268764103286863,0.04189437818307888,stage05_split_protocol_sensitivity_score,Использовать только для проверки чувствительности утверждения к протоколу 10x1; не объединять с 5x2 без отдельного evidence record.
ST05_03a_split_protocol_10x1,miniboone_hgb_vs_logreg_average_precision_v01,nested_split_sensitivity_v01,nested_10x1_seed_grid_v01,openml_miniboone_41150,41150,MiniBooNE,signal,False,True,True,20260517,6,1,6,RepeatedStratifiedKFold,10,1,not_applicable,,not_applicable,117058,13006,0.2806215722120658,0.28063970475165306,50,dummy_prior,lower_bound,not_applicable,,not_applicable,not_applicable,0.003924,0.013039,0.5,0.28063970475165306,0.28063970475165306,0.0,0.5,0.5935564803764756,0.201881061197347,stage05_split_protocol_sensitivity_score,Использовать только для проверки чувствительности утверждения к протоколу 10x1; не объединять с 5x2 без отдельного evidence record.
ST05_03a_split_protocol_10x1,miniboone_hgb_vs_logreg_average_precision_v01,nested_split_sensitivity_v01,nested_10x1_seed_grid_v01,openml_miniboone_41150,41150,MiniBooNE,signal,False,True,True,20260517,6,1,6,RepeatedStratifiedKFold,10,1,not_applicable,,not_applicable,117058,13006,0.2806215722120658,0.28063970475165306,50,logistic_regression,baseline,not_applicable,,not_applicable,not_applicable,1.574028,0.016409,0.9334419638412388,0.8549279862405531,0.8549279862405531,0.7674315321983716,0.8276529309446139,0.29860889144929775,0.08897902339340544,stage05_split_protocol_sensitivity_score,Использовать только для проверки чувствительности утверждения к протоколу 10x1; не объединять с 5x2 без отдельного evidence record.
ST05_03a_split_protocol_10x1,miniboone_hgb_vs_logreg_average_precision_v01,nested_split_sensitivity_v01,nested_10x1_seed_grid_v01,openml_miniboone_41150,41150,MiniBooNE,signal,False,True,True,20260517,7,1,7,RepeatedStratifiedKFold,10,1,StratifiedKFold,3,20260517,117058,13006,0.2806215722120658,0.28063970475165306,50,hist_gradient_boosting,tuned_candidate,hgb_8316cb7622a5,"{""l2_regularization"": 0.01, ""learning_rate"": 0.1, ""max_iter"": 150, ""max_leaf_nodes"": 63}",0.9587950014043546,16,61.136502,0.076317,0.9840952696094221,0.958233152800499,0.958233152800499,0.8967383949113548,0.9310694770625545,0.14459884149715038,0.042698195204219684,stage05_split_protocol_sensitivity_score,Использовать только для проверки чувствительности утверждения к протоколу 10x1; не объединять с 5x2 без отдельного evidence record.
ST05_03a_split_protocol_10x1,miniboone_hgb_vs_logreg_average_precision_v01,nested_split_sensitivity_v01,nested_10x1_seed_grid_v01,openml_miniboone_41150,41150,MiniBooNE,signal,False,True,True,20260517,7,1,7,RepeatedStratifiedKFold,10,1,not_applicable,,not_applicable,117058,13006,0.2806215722120658,0.28063970475165306,50,dummy_prior,lower_bound,not_applicable,,not_applicable,not_applicable,0.002335,0.007117,0.5,0.28063970475165306,0.28063970475165306,0.0,0.5,0.5935564803764756,0.201881061197347,stage05_split_protocol_sensitivity_score,Использовать только для проверки чувствительности утверждения к протоколу 10x1; не объединять с 5x2 без отдельного evidence record.
ST05_03a_split_protocol_10x1,miniboone_hgb_vs_logreg_average_precision_v01,nested_split_sensitivity_v01,nested_10x1_seed_grid_v01,openml_miniboone_41150,41150,MiniBooNE,signal,False,True,True,20260517,7,1,7,RepeatedStratifiedKFold,10,1,not_applicable,,not_applicable,117058,13006,0.2806215722120658,0.28063970475165306,50,logistic_regression,baseline,not_applicable,,not_applicable,not_applicable,2.152146,0.016434,0.9404675924027949,0.8737275465693839,0.8737275465693839,0.7770250368188513,0.8345421588666272,0.2806824276488334,0.08405687559930586,stage05_split_protocol_sensitivity_score,Использовать только для проверки чувствительности утверждения к протоколу 10x1; не объединять с 5x2 без отдельного evidence record.
ST05_03a_split_protocol_10x1,miniboone_hgb_vs_logreg_average_precision_v01,nested_split_sensitivity_v01,nested_10x1_seed_grid_v01,openml_miniboone_41150,41150,MiniBooNE,signal,False,True,True,20260517,8,1,8,RepeatedStratifiedKFold,10,1,StratifiedKFold,3,20260517,117058,13006,0.2806215722120658,0.28063970475165306,50,hist_gradient_boosting,tuned_candidate,hgb_b5168b128e78,"{""l2_regularization"": 0.0, ""learning_rate"": 0.1, ""max_iter"": 150, ""max_leaf_nodes"": 63}",0.9582774812521055,16,60.191971,0.076997,0.9855498046817807,0.9591072982871791,0.9591072982871791,0.9053374983023225,0.9362675186094045,0.13639249770412135,0.0399493741110683,stage05_split_protocol_sensitivity_score,Использовать только для проверки чувствительности утверждения к протоколу 10x1; не объединять с 5x2 без отдельного evidence record.
ST05_03a_split_protocol_10x1,miniboone_hgb_vs_logreg_average_precision_v01,nested_split_sensitivity_v01,nested_10x1_seed_grid_v01,openml_miniboone_41150,41150,MiniBooNE,signal,False,True,True,20260517,8,1,8,RepeatedStratifiedKFold,10,1,not_applicable,,not_applicable,117058,13006,0.2806215722120658,0.28063970475165306,50,dummy_prior,lower_bound,not_applicable,,not_applicable,not_applicable,0.001604,0.009596,0.5,0.28063970475165306,0.28063970475165306,0.0,0.5,0.5935564803764756,0.201881061197347,stage05_split_protocol_sensitivity_score,Использовать только для проверки чувствительности утверждения к протоколу 10x1; не объединять с 5x2 без отдельного evidence record.
ST05_03a_split_protocol_10x1,miniboone_hgb_vs_logreg_average_precision_v01,nested_split_sensitivity_v01,nested_10x1_seed_grid_v01,openml_miniboone_41150,41150,MiniBooNE,signal,False,True,True,20260517,8,1,8,RepeatedStratifiedKFold,10,1,not_applicable,,not_applicable,117058,13006,0.2806215722120658,0.28063970475165306,50,logistic_regression,baseline,not_applicable,,not_applicable,not_applicable,2.12071,0.015624,0.9450190486509281,0.8750759338027005,0.8750759338027005,0.7819814514941852,0.8378095369171933,0.2759146737840354,0.08325115787339017,stage05_split_protocol_sensitivity_score,Использовать только для проверки чувствительности утверждения к протоколу 10x1; не объединять с 5x2 без отдельного evidence record.
ST05_03a_split_protocol_10x1,miniboone_hgb_vs_logreg_average_precision_v01,nested_split_sensitivity_v01,nested_10x1_seed_grid_v01,openml_miniboone_41150,41150,MiniBooNE,signal,False,True,True,20260517,9,1,9,RepeatedStratifiedKFold,10,1,StratifiedKFold,3,20260517,117058,13006,0.2806215722120658,0.28063970475165306,50,hist_gradient_boosting,tuned_candidate,hgb_b5168b128e78,"{""l2_regularization"": 0.0, ""learning_rate"": 0.1, ""max_iter"": 150, ""max_leaf_nodes"": 63}",0.9583814586212308,16,60.934212,0.080187,0.9848737020269757,0.9604686108750442,0.9604686108750442,0.9022494887525563,0.9331936139434368,0.14094523067566367,0.04135416444548684,stage05_split_protocol_sensitivity_score,Использовать только для проверки чувствительности утверждения к протоколу 10x1; не объединять с 5x2 без отдельного evidence record.
ST05_03a_split_protocol_10x1,miniboone_hgb_vs_logreg_average_precision_v01,nested_split_sensitivity_v01,nested_10x1_seed_grid_v01,openml_miniboone_41150,41150,MiniBooNE,signal,False,True,True,20260517,9,1,9,RepeatedStratifiedKFold,10,1,not_applicable,,not_applicable,117058,13006,0.2806215722120658,0.28063970475165306,50,dummy_prior,lower_bound,not_applicable,,not_applicable,not_applicable,0.00254,0.013954,0.5,0.28063970475165306,0.28063970475165306,0.0,0.5,0.5935564803764756,0.201881061197347,stage05_split_protocol_sensitivity_score,Использовать только для проверки чувствительности утверждения к протоколу 10x1; не объединять с 5x2 без отдельного evidence record.
ST05_03a_split_protocol_10x1,miniboone_hgb_vs_logreg_average_precision_v01,nested_split_sensitivity_v01,nested_10x1_seed_grid_v01,openml_miniboone_41150,41150,MiniBooNE,signal,False,True,True,20260517,9,1,9,RepeatedStratifiedKFold,10,1,not_applicable,,not_applicable,117058,13006,0.2806215722120658,0.28063970475165306,50,logistic_regression,baseline,not_applicable,,not_applicable,not_applicable,1.890455,0.019987,0.9403635495792021,0.8700597599968344,0.8700597599968344,0.7816125715964165,0.837906610365043,0.282136052916076,0.08465500384209551,stage05_split_protocol_sensitivity_score,Использовать только для проверки чувствительности утверждения к протоколу 10x1; не объединять с 5x2 без отдельного evidence record.
ST05_03a_split_protocol_10x1,miniboone_hgb_vs_logreg_average_precision_v01,nested_split_sensitivity_v01,nested_10x1_seed_grid_v01,openml_miniboone_41150,41150,MiniBooNE,signal,False,True,True,20260517,10,1,10,RepeatedStratifiedKFold,10,1,StratifiedKFold,3,20260517,117058,13006,0.2806301149857336,0.28056281716131015,50,hist_gradient_boosting,tuned_candidate,hgb_b5168b128e78,"{""l2_regularization"": 0.0, ""learning_rate"": 0.1, ""max_iter"": 150, ""max_leaf_nodes"": 63}",0.957795887686773,16,59.233473,0.077365,0.9859676280477334,0.963732023778619,0.963732023778619,0.9042437431991295,0.9352150337106182,0.13610819242436753,0.04050562885286513,stage05_split_protocol_sensitivity_score,Использовать только для проверки чувствительности утверждения к протоколу 10x1; не объединять с 5x2 без отдельного evidence record.
ST05_03a_split_protocol_10x1,miniboone_hgb_vs_logreg_average_precision_v01,nested_split_sensitivity_v01,nested_10x1_seed_grid_v01,openml_miniboone_41150,41150,MiniBooNE,signal,False,True,True,20260517,10,1,10,RepeatedStratifiedKFold,10,1,not_applicable,,not_applicable,117058,13006,0.2806301149857336,0.28056281716131015,50,dummy_prior,lower_bound,not_applicable,,not_applicable,not_applicable,0.001562,0.006839,0.5,0.28056281716131015,0.28056281716131015,0.0,0.5,0.5934841025652696,0.20184732731681662,stage05_split_protocol_sensitivity_score,Использовать только для проверки чувствительности утверждения к протоколу 10x1; не объединять с 5x2 без отдельного evidence record.
ST05_03a_split_protocol_10x1,miniboone_hgb_vs_logreg_average_precision_v01,nested_split_sensitivity_v01,nested_10x1_seed_grid_v01,openml_miniboone_41150,41150,MiniBooNE,signal,False,True,True,20260517,10,1,10,RepeatedStratifiedKFold,10,1,not_applicable,,not_applicable,117058,13006,0.2806301149857336,0.28056281716131015,50,logistic_regression,baseline,not_applicable,,not_applicable,not_applicable,1.708894,0.02799,0.9438209276307632,0.8747436553826786,0.8747436553826786,0.7816329543776761,0.8372131714047453,0.27613636266125957,0.08269765865575017,stage05_split_protocol_sensitivity_score,Использовать только для проверки чувствительности утверждения к протоколу 10x1; не объединять с 5x2 без отдельного evidence record.
ST05_03a_split_protocol_10x1,miniboone_hgb_vs_logreg_average_precision_v01,nested_split_sensitivity_v01,nested_10x1_seed_grid_v01,openml_miniboone_41150,41150,MiniBooNE,signal,False,True,True,20260527,1,1,1,RepeatedStratifiedKFold,10,1,StratifiedKFold,3,20260527,117057,13007,0.28062396951912316,0.2806181286999308,50,hist_gradient_boosting,tuned_candidate,hgb_8316cb7622a5,"{""l2_regularization"": 0.01, ""learning_rate"": 0.1, ""max_iter"": 150, ""max_leaf_nodes"": 63}",0.9586151070139387,16,60.746022,0.064353,0.9848006839799082,0.9607888304437485,0.9607888304437485,0.8993379273071207,0.9332870124337358,0.1415440211619142,0.04220818855573613,stage05_split_protocol_sensitivity_score,Использовать только для проверки чувствительности утверждения к протоколу 10x1; не объединять с 5x2 без отдельного evidence record.
ST05_03a_split_protocol_10x1,miniboone_hgb_vs_logreg_average_precision_v01,nested_split_sensitivity_v01,nested_10x1_seed_grid_v01,openml_miniboone_41150,41150,MiniBooNE,signal,False,True,True,20260527,1,1,1,RepeatedStratifiedKFold,10,1,not_applicable,,not_applicable,117057,13007,0.28062396951912316,0.2806181286999308,50,dummy_prior,lower_bound,not_applicable,,not_applicable,not_applicable,0.001824,0.007235,0.5,0.2806181286999308,0.2806181286999308,0.0,0.5,0.5935361691572264,0.201871594578995,stage05_split_protocol_sensitivity_score,Использовать только для проверки чувствительности утверждения к протоколу 10x1; не объединять с 5x2 без отдельного evidence record.
ST05_03a_split_protocol_10x1,miniboone_hgb_vs_logreg_average_precision_v01,nested_split_sensitivity_v01,nested_10x1_seed_grid_v01,openml_miniboone_41150,41150,MiniBooNE,signal,False,True,True,20260527,1,1,1,RepeatedStratifiedKFold,10,1,not_applicable,,not_applicable,117057,13007,0.28062396951912316,0.2806181286999308,50,logistic_regression,baseline,not_applicable,,not_applicable,not_applicable,1.706415,0.016496,0.9390620457030924,0.867112530088592,0.867112530088592,0.7727475137301469,0.8307123521910927,0.28478829366744,0.08582310223335164,stage05_split_protocol_sensitivity_score,Использовать только для проверки чувствительности утверждения к протоколу 10x1; не объединять с 5x2 без отдельного evidence record.
ST05_03a_split_protocol_10x1,miniboone_hgb_vs_logreg_average_precision_v01,nested_split_sensitivity_v01,nested_10x1_seed_grid_v01,openml_miniboone_41150,41150,MiniBooNE,signal,False,True,True,20260527,2,1,2,RepeatedStratifiedKFold,10,1,StratifiedKFold,3,20260527,117057,13007,0.28062396951912316,0.2806181286999308,50,hist_gradient_boosting,tuned_candidate,hgb_8316cb7622a5,"{""l2_regularization"": 0.01, ""learning_rate"": 0.1, ""max_iter"": 150, ""max_leaf_nodes"": 63}",0.9581038398276731,16,62.386328,0.068152,0.9852807289539293,0.9593981565336283,0.9593981565336283,0.9077360791220702,0.9385450201372938,0.13752003741257712,0.040129222897634924,stage05_split_protocol_sensitivity_score,Использовать только для проверки чувствительности утверждения к протоколу 10x1; не объединять с 5x2 без отдельного evidence record.
ST05_03a_split_protocol_10x1,miniboone_hgb_vs_logreg_average_precision_v01,nested_split_sensitivity_v01,nested_10x1_seed_grid_v01,openml_miniboone_41150,41150,MiniBooNE,signal,False,True,True,20260527,2,1,2,RepeatedStratifiedKFold,10,1,not_applicable,,not_applicable,117057,13007,0.28062396951912316,0.2806181286999308,50,dummy_prior,lower_bound,not_applicable,,not_applicable,not_applicable,0.00201,0.014361,0.5,0.2806181286999308,0.2806181286999308,0.0,0.5,0.5935361691572264,0.201871594578995,stage05_split_protocol_sensitivity_score,Использовать только для проверки чувствительности утверждения к протоколу 10x1; не объединять с 5x2 без отдельного evidence record.
ST05_03a_split_protocol_10x1,miniboone_hgb_vs_logreg_average_precision_v01,nested_split_sensitivity_v01,nested_10x1_seed_grid_v01,openml_miniboone_41150,41150,MiniBooNE,signal,False,True,True,20260527,2,1,2,RepeatedStratifiedKFold,10,1,not_applicable,,not_applicable,117057,13007,0.28062396951912316,0.2806181286999308,50,logistic_regression,baseline,not_applicable,,not_applicable,not_applicable,1.561754,0.016208,0.9375519902322047,0.8644610943560911,0.8644610943560911,0.7766444937176644,0.8337862797026914,0.2877252509496882,0.08612755417682919,stage05_split_protocol_sensitivity_score,Использовать только для проверки чувствительности утверждения к протоколу 10x1; не объединять с 5x2 без отдельного evidence record.
ST05_03a_split_protocol_10x1,miniboone_hgb_vs_logreg_average_precision_v01,nested_split_sensitivity_v01,nested_10x1_seed_grid_v01,openml_miniboone_41150,41150,MiniBooNE,signal,False,True,True,20260527,3,1,3,RepeatedStratifiedKFold,10,1,StratifiedKFold,3,20260527,117057,13007,0.28062396951912316,0.2806181286999308,50,hist_gradient_boosting,tuned_candidate,hgb_b5168b128e78,"{""l2_regularization"": 0.0, ""learning_rate"": 0.1, ""max_iter"": 150, ""max_leaf_nodes"": 63}",0.9581170859230475,16,59.849409,0.075408,0.9839191521694255,0.9571921887140463,0.9571921887140463,0.8998643147896879,0.9326584594933689,0.14354957409463678,0.042179392802574496,stage05_split_protocol_sensitivity_score,Использовать только для проверки чувствительности утверждения к протоколу 10x1; не объединять с 5x2 без отдельного evidence record.
ST05_03a_split_protocol_10x1,miniboone_hgb_vs_logreg_average_precision_v01,nested_split_sensitivity_v01,nested_10x1_seed_grid_v01,openml_miniboone_41150,41150,MiniBooNE,signal,False,True,True,20260527,3,1,3,RepeatedStratifiedKFold,10,1,not_applicable,,not_applicable,117057,13007,0.28062396951912316,0.2806181286999308,50,dummy_prior,lower_bound,not_applicable,,not_applicable,not_applicable,0.001774,0.00675,0.5,0.2806181286999308,0.2806181286999308,0.0,0.5,0.5935361691572264,0.201871594578995,stage05_split_protocol_sensitivity_score,Использовать только для проверки чувствительности утверждения к протоколу 10x1; не объединять с 5x2 без отдельного evidence record.
ST05_03a_split_protocol_10x1,miniboone_hgb_vs_logreg_average_precision_v01,nested_split_sensitivity_v01,nested_10x1_seed_grid_v01,openml_miniboone_41150,41150,MiniBooNE,signal,False,True,True,20260527,3,1,3,RepeatedStratifiedKFold,10,1,not_applicable,,not_applicable,117057,13007,0.28062396951912316,0.2806181286999308,50,logistic_regression,baseline,not_applicable,,not_applicable,not_applicable,2.069717,0.0158,0.9378195212433442,0.8685183145090861,0.8685183145090861,0.7740696987595983,0.832269694800318,0.28601874258764887,0.08565445530219204,stage05_split_protocol_sensitivity_score,Использовать только для проверки чувствительности утверждения к протоколу 10x1; не объединять с 5x2 без отдельного evidence record.
ST05_03a_split_protocol_10x1,miniboone_hgb_vs_logreg_average_precision_v01,nested_split_sensitivity_v01,nested_10x1_seed_grid_v01,openml_miniboone_41150,41150,MiniBooNE,signal,False,True,True,20260527,4,1,4,RepeatedStratifiedKFold,10,1,StratifiedKFold,3,20260527,117057,13007,0.28062396951912316,0.2806181286999308,50,hist_gradient_boosting,tuned_candidate,hgb_8316cb7622a5,"{""l2_regularization"": 0.01, ""learning_rate"": 0.1, ""max_iter"": 150, ""max_leaf_nodes"": 63}",0.9580679976824492,16,59.911883,0.077731,0.9854268359634059,0.9593650412843473,0.9593650412843473,0.9019980970504282,0.9337339710509017,0.1384250955598721,0.04083594519589682,stage05_split_protocol_sensitivity_score,Использовать только для проверки чувствительности утверждения к протоколу 10x1; не объединять с 5x2 без отдельного evidence record.
ST05_03a_split_protocol_10x1,miniboone_hgb_vs_logreg_average_precision_v01,nested_split_sensitivity_v01,nested_10x1_seed_grid_v01,openml_miniboone_41150,41150,MiniBooNE,signal,False,True,True,20260527,4,1,4,RepeatedStratifiedKFold,10,1,not_applicable,,not_applicable,117057,13007,0.28062396951912316,0.2806181286999308,50,dummy_prior,lower_bound,not_applicable,,not_applicable,not_applicable,0.003847,0.014102,0.5,0.2806181286999308,0.2806181286999308,0.0,0.5,0.5935361691572264,0.201871594578995,stage05_split_protocol_sensitivity_score,Использовать только для проверки чувствительности утверждения к протоколу 10x1; не объединять с 5x2 без отдельного evidence record.
ST05_03a_split_protocol_10x1,miniboone_hgb_vs_logreg_average_precision_v01,nested_split_sensitivity_v01,nested_10x1_seed_grid_v01,openml_miniboone_41150,41150,MiniBooNE,signal,False,True,True,20260527,4,1,4,RepeatedStratifiedKFold,10,1,not_applicable,,not_applicable,117057,13007,0.28062396951912316,0.2806181286999308,50,logistic_regression,baseline,not_applicable,,not_applicable,not_applicable,1.98728,0.045565,0.9402085318880745,0.8667384499665494,0.8667384499665494,0.7803442695306753,0.836836885724701,0.284191204724856,0.08500445070160288,stage05_split_protocol_sensitivity_score,Использовать только для проверки чувствительности утверждения к протоколу 10x1; не объединять с 5x2 без отдельного evidence record.
ST05_03a_split_protocol_10x1,miniboone_hgb_vs_logreg_average_precision_v01,nested_split_sensitivity_v01,nested_10x1_seed_grid_v01,openml_miniboone_41150,41150,MiniBooNE,signal,False,True,True,20260527,5,1,5,RepeatedStratifiedKFold,10,1,StratifiedKFold,3,20260527,117058,13006,0.2806215722120658,0.28063970475165306,50,hist_gradient_boosting,tuned_candidate,hgb_b5168b128e78,"{""l2_regularization"": 0.0, ""learning_rate"": 0.1, ""max_iter"": 150, ""max_leaf_nodes"": 63}",0.9589228817494712,16,68.638433,0.090631,0.9851785682910973,0.9595340935566222,0.9595340935566222,0.8962212486308871,0.9279948988854856,0.13906505735569444,0.04130407235144025,stage05_split_protocol_sensitivity_score,Использовать только для проверки чувствительности утверждения к протоколу 10x1; не объединять с 5x2 без отдельного evidence record.
ST05_03a_split_protocol_10x1,miniboone_hgb_vs_logreg_average_precision_v01,nested_split_sensitivity_v01,nested_10x1_seed_grid_v01,openml_miniboone_41150,41150,MiniBooNE,signal,False,True,True,20260527,5,1,5,RepeatedStratifiedKFold,10,1,not_applicable,,not_applicable,117058,13006,0.2806215722120658,0.28063970475165306,50,dummy_prior,lower_bound,not_applicable,,not_applicable,not_applicable,0.001681,0.007974,0.5,0.28063970475165306,0.28063970475165306,0.0,0.5,0.5935564803764756,0.201881061197347,stage05_split_protocol_sensitivity_score,Использовать только для проверки чувствительности утверждения к протоколу 10x1; не объединять с 5x2 без отдельного evidence record.
ST05_03a_split_protocol_10x1,miniboone_hgb_vs_logreg_average_precision_v01,nested_split_sensitivity_v01,nested_10x1_seed_grid_v01,openml_miniboone_41150,41150,MiniBooNE,signal,False,True,True,20260527,5,1,5,RepeatedStratifiedKFold,10,1,not_applicable,,not_applicable,117058,13006,0.2806215722120658,0.28063970475165306,50,logistic_regression,baseline,not_applicable,,not_applicable,not_applicable,1.16955,0.025187,0.9418310424194862,0.8720600393156297,0.8720600393156297,0.7765055762081784,0.8328743111152759,0.28081484605039797,0.08439667878018357,stage05_split_protocol_sensitivity_score,Использовать только для проверки чувствительности утверждения к протоколу 10x1; не объединять с 5x2 без отдельного evidence record.
ST05_03a_split_protocol_10x1,miniboone_hgb_vs_logreg_average_precision_v01,nested_split_sensitivity_v01,nested_10x1_seed_grid_v01,openml_miniboone_41150,41150,MiniBooNE,signal,False,True,True,20260527,6,1,6,RepeatedStratifiedKFold,10,1,StratifiedKFold,3,20260527,117058,13006,0.2806215722120658,0.28063970475165306,50,hist_gradient_boosting,tuned_candidate,hgb_8316cb7622a5,"{""l2_regularization"": 0.01, ""learning_rate"": 0.1, ""max_iter"": 150, ""max_leaf_nodes"": 63}",0.957988447118252,16,68.590559,0.073023,0.9865024275682736,0.9626691394638657,0.9626691394638657,0.905386929176921,0.9346967443059029,0.13304126973099817,0.03917440052822315,stage05_split_protocol_sensitivity_score,Использовать только для проверки чувствительности утверждения к протоколу 10x1; не объединять с 5x2 без отдельного evidence record.
ST05_03a_split_protocol_10x1,miniboone_hgb_vs_logreg_average_precision_v01,nested_split_sensitivity_v01,nested_10x1_seed_grid_v01,openml_miniboone_41150,41150,MiniBooNE,signal,False,True,True,20260527,6,1,6,RepeatedStratifiedKFold,10,1,not_applicable,,not_applicable,117058,13006,0.2806215722120658,0.28063970475165306,50,dummy_prior,lower_bound,not_applicable,,not_applicable,not_applicable,0.001752,0.007135,0.5,0.28063970475165306,0.28063970475165306,0.0,0.5,0.5935564803764756,0.201881061197347,stage05_split_protocol_sensitivity_score,Использовать только для проверки чувствительности утверждения к протоколу 10x1; не объединять с 5x2 без отдельного evidence record.
ST05_03a_split_protocol_10x1,miniboone_hgb_vs_logreg_average_precision_v01,nested_split_sensitivity_v01,nested_10x1_seed_grid_v01,openml_miniboone_41150,41150,MiniBooNE,signal,False,True,True,20260527,6,1,6,RepeatedStratifiedKFold,10,1,not_applicable,,not_applicable,117058,13006,0.2806215722120658,0.28063970475165306,50,logistic_regression,baseline,not_applicable,,not_applicable,not_applicable,1.432485,0.015861,0.9422499956075362,0.8737579810977015,0.8737579810977015,0.7873062730627306,0.8408661938423516,0.2787340460608019,0.08320964323073879,stage05_split_protocol_sensitivity_score,Использовать только для проверки чувствительности утверждения к протоколу 10x1; не объединять с 5x2 без отдельного evidence record.
ST05_03a_split_protocol_10x1,miniboone_hgb_vs_logreg_average_precision_v01,nested_split_sensitivity_v01,nested_10x1_seed_grid_v01,openml_miniboone_41150,41150,MiniBooNE,signal,False,True,True,20260527,7,1,7,RepeatedStratifiedKFold,10,1,StratifiedKFold,3,20260527,117058,13006,0.2806215722120658,0.28063970475165306,50,hist_gradient_boosting,tuned_candidate,hgb_8316cb7622a5,"{""l2_regularization"": 0.01, ""learning_rate"": 0.1, ""max_iter"": 150, ""max_leaf_nodes"": 63}",0.9575878236045249,16,67.667592,0.08346,0.9862084838972281,0.9630151825612074,0.9630151825612074,0.9042553191489362,0.9344965065272011,0.13483912435826398,0.039794541723550445,stage05_split_protocol_sensitivity_score,Использовать только для проверки чувствительности утверждения к протоколу 10x1; не объединять с 5x2 без отдельного evidence record.
ST05_03a_split_protocol_10x1,miniboone_hgb_vs_logreg_average_precision_v01,nested_split_sensitivity_v01,nested_10x1_seed_grid_v01,openml_miniboone_41150,41150,MiniBooNE,signal,False,True,True,20260527,7,1,7,RepeatedStratifiedKFold,10,1,not_applicable,,not_applicable,117058,13006,0.2806215722120658,0.28063970475165306,50,dummy_prior,lower_bound,not_applicable,,not_applicable,not_applicable,0.002446,0.007287,0.5,0.28063970475165306,0.28063970475165306,0.0,0.5,0.5935564803764756,0.201881061197347,stage05_split_protocol_sensitivity_score,Использовать только для проверки чувствительности утверждения к протоколу 10x1; не объединять с 5x2 без отдельного evidence record.
ST05_03a_split_protocol_10x1,miniboone_hgb_vs_logreg_average_precision_v01,nested_split_sensitivity_v01,nested_10x1_seed_grid_v01,openml_miniboone_41150,41150,MiniBooNE,signal,False,True,True,20260527,7,1,7,RepeatedStratifiedKFold,10,1,not_applicable,,not_applicable,117058,13006,0.2806215722120658,0.28063970475165306,50,logistic_regression,baseline,not_applicable,,not_applicable,not_applicable,1.796862,0.016138,0.9425865168934154,0.8746029642387206,0.8746029642387206,0.7869430966034406,0.8411905626453173,0.2776826587350803,0.08309490987780087,stage05_split_protocol_sensitivity_score,Использовать только для проверки чувствительности утверждения к протоколу 10x1; не объединять с 5x2 без отдельного evidence record.
ST05_03a_split_protocol_10x1,miniboone_hgb_vs_logreg_average_precision_v01,nested_split_sensitivity_v01,nested_10x1_seed_grid_v01,openml_miniboone_41150,41150,MiniBooNE,signal,False,True,True,20260527,8,1,8,RepeatedStratifiedKFold,10,1,StratifiedKFold,3,20260527,117058,13006,0.2806215722120658,0.28063970475165306,50,hist_gradient_boosting,tuned_candidate,hgb_8316cb7622a5,"{""l2_regularization"": 0.01, ""learning_rate"": 0.1, ""max_iter"": 150, ""max_leaf_nodes"": 63}",0.9585708376290624,16,67.218154,0.064705,0.9849945679865533,0.9596654387104724,0.9596654387104724,0.9001079913606912,0.9340530726747762,0.140115950085617,0.041516724326228216,stage05_split_protocol_sensitivity_score,Использовать только для проверки чувствительности утверждения к протоколу 10x1; не объединять с 5x2 без отдельного evidence record.
ST05_03a_split_protocol_10x1,miniboone_hgb_vs_logreg_average_precision_v01,nested_split_sensitivity_v01,nested_10x1_seed_grid_v01,openml_miniboone_41150,41150,MiniBooNE,signal,False,True,True,20260527,8,1,8,RepeatedStratifiedKFold,10,1,not_applicable,,not_applicable,117058,13006,0.2806215722120658,0.28063970475165306,50,dummy_prior,lower_bound,not_applicable,,not_applicable,not_applicable,0.00162,0.007481,0.5,0.28063970475165306,0.28063970475165306,0.0,0.5,0.5935564803764756,0.201881061197347,stage05_split_protocol_sensitivity_score,Использовать только для проверки чувствительности утверждения к протоколу 10x1; не объединять с 5x2 без отдельного evidence record.
ST05_03a_split_protocol_10x1,miniboone_hgb_vs_logreg_average_precision_v01,nested_split_sensitivity_v01,nested_10x1_seed_grid_v01,openml_miniboone_41150,41150,MiniBooNE,signal,False,True,True,20260527,8,1,8,RepeatedStratifiedKFold,10,1,not_applicable,,not_applicable,117058,13006,0.2806215722120658,0.28063970475165306,50,logistic_regression,baseline,not_applicable,,not_applicable,not_applicable,1.937592,0.028953,0.940667405576672,0.8701007358139973,0.8701007358139973,0.7836580401279442,0.8406936871511652,0.2834016702636293,0.08397753448966457,stage05_split_protocol_sensitivity_score,Использовать только для проверки чувствительности утверждения к протоколу 10x1; не объединять с 5x2 без отдельного evidence record.
ST05_03a_split_protocol_10x1,miniboone_hgb_vs_logreg_average_precision_v01,nested_split_sensitivity_v01,nested_10x1_seed_grid_v01,openml_miniboone_41150,41150,MiniBooNE,signal,False,True,True,20260527,9,1,9,RepeatedStratifiedKFold,10,1,StratifiedKFold,3,20260527,117058,13006,0.2806215722120658,0.28063970475165306,50,hist_gradient_boosting,tuned_candidate,hgb_8316cb7622a5,"{""l2_regularization"": 0.01, ""learning_rate"": 0.1, ""max_iter"": 150, ""max_leaf_nodes"": 63}",0.9587378805092767,16,89.06065,0.066947,0.9839745354237556,0.9541777070960252,0.9541777070960252,0.8990651673215011,0.9324491499118579,0.14356511303051162,0.04188291129504122,stage05_split_protocol_sensitivity_score,Использовать только для проверки чувствительности утверждения к протоколу 10x1; не объединять с 5x2 без отдельного evidence record.
ST05_03a_split_protocol_10x1,miniboone_hgb_vs_logreg_average_precision_v01,nested_split_sensitivity_v01,nested_10x1_seed_grid_v01,openml_miniboone_41150,41150,MiniBooNE,signal,False,True,True,20260527,9,1,9,RepeatedStratifiedKFold,10,1,not_applicable,,not_applicable,117058,13006,0.2806215722120658,0.28063970475165306,50,dummy_prior,lower_bound,not_applicable,,not_applicable,not_applicable,0.001586,0.007397,0.5,0.28063970475165306,0.28063970475165306,0.0,0.5,0.5935564803764756,0.201881061197347,stage05_split_protocol_sensitivity_score,Использовать только для проверки чувствительности утверждения к протоколу 10x1; не объединять с 5x2 без отдельного evidence record.
ST05_03a_split_protocol_10x1,miniboone_hgb_vs_logreg_average_precision_v01,nested_split_sensitivity_v01,nested_10x1_seed_grid_v01,openml_miniboone_41150,41150,MiniBooNE,signal,False,True,True,20260527,9,1,9,RepeatedStratifiedKFold,10,1,not_applicable,,not_applicable,117058,13006,0.2806215722120658,0.28063970475165306,50,logistic_regression,baseline,not_applicable,,not_applicable,not_applicable,2.053284,0.015745,0.940934159897392,0.8651399309062444,0.8651399309062444,0.7807235974805917,0.8377063725863412,0.28485169470372784,0.08482539240320101,stage05_split_protocol_sensitivity_score,Использовать только для проверки чувствительности утверждения к протоколу 10x1; не объединять с 5x2 без отдельного evidence record.
ST05_03a_split_protocol_10x1,miniboone_hgb_vs_logreg_average_precision_v01,nested_split_sensitivity_v01,nested_10x1_seed_grid_v01,openml_miniboone_41150,41150,MiniBooNE,signal,False,True,True,20260527,10,1,10,RepeatedStratifiedKFold,10,1,StratifiedKFold,3,20260527,117058,13006,0.2806301149857336,0.28056281716131015,50,hist_gradient_boosting,tuned_candidate,hgb_8316cb7622a5,"{""l2_regularization"": 0.01, ""learning_rate"": 0.1, ""max_iter"": 150, ""max_leaf_nodes"": 63}",0.9579106718031807,16,84.530749,0.088817,0.9851369036149663,0.9604802446366317,0.9604802446366317,0.9034098627903817,0.9349245701102105,0.1385382731807083,0.040379065222657294,stage05_split_protocol_sensitivity_score,Использовать только для проверки чувствительности утверждения к протоколу 10x1; не объединять с 5x2 без отдельного evidence record.
ST05_03a_split_protocol_10x1,miniboone_hgb_vs_logreg_average_precision_v01,nested_split_sensitivity_v01,nested_10x1_seed_grid_v01,openml_miniboone_41150,41150,MiniBooNE,signal,False,True,True,20260527,10,1,10,RepeatedStratifiedKFold,10,1,not_applicable,,not_applicable,117058,13006,0.2806301149857336,0.28056281716131015,50,dummy_prior,lower_bound,not_applicable,,not_applicable,not_applicable,0.001769,0.007403,0.5,0.28056281716131015,0.28056281716131015,0.0,0.5,0.5934841025652696,0.20184732731681662,stage05_split_protocol_sensitivity_score,Использовать только для проверки чувствительности утверждения к протоколу 10x1; не объединять с 5x2 без отдельного evidence record.
ST05_03a_split_protocol_10x1,miniboone_hgb_vs_logreg_average_precision_v01,nested_split_sensitivity_v01,nested_10x1_seed_grid_v01,openml_miniboone_41150,41150,MiniBooNE,signal,False,True,True,20260527,10,1,10,RepeatedStratifiedKFold,10,1,not_applicable,,not_applicable,117058,13006,0.2806301149857336,0.28056281716131015,50,logistic_regression,baseline,not_applicable,,not_applicable,not_applicable,1.685695,0.015781,0.9422215107194175,0.8724176555439377,0.8724176555439377,0.781785925487877,0.837122715460217,0.28005071780790664,0.08434598633526834,stage05_split_protocol_sensitivity_score,Использовать только для проверки чувствительности утверждения к протоколу 10x1; не объединять с 5x2 без отдельного evidence record.
