task_id,stress_test_id,claim_id,candidate_id,thread_condition,outer_random_state,outer_split_number,outer_repeat_number,outer_fold_number,outer_cv_n_splits,outer_cv_n_repeats,model_id,model_role,selected_parameter_set_id,feature_policy_id,n_train,n_test,train_positive_share,test_positive_share,roc_auc,average_precision,pr_auc,f1,balanced_accuracy,log_loss,brier_score,fit_seconds,predict_seconds,reference_artifact,metric_cells_total,exact_reference_metric_cells,exact_after_csv_roundtrip,row_status,interpretation_allowed_ru
ST07_26_stage05_seed_stability_logistic_blas_4_vs_12_causal_diagnostic_validation,ST05_02_seed_stability_grid,miniboone_hgb_vs_logreg_average_precision_v01,openml_miniboone_41150,4,20260507,1,1,1,5,2,logistic_regression,control,not_applicable_control_model,numeric_particleid_0_49_locked,104051,26013,0.28062200267176673,0.2806289163110752,0.9367205458954988,0.8620857752893892,0.8620857752893892,0.7747297197911304,0.83323244993408,0.2901352130712198,0.08738047217054912,1.698502,0.028602,openml_miniboone_stage05_seed_stability_outer_scores.csv,7,7,true,st07_26_same_machine_causal_diagnostic,Разрешён только same-machine причинно-диагностический вывод о влиянии числа BLAS-потоков на расхождение ST05_02 logistic regression.
ST07_26_stage05_seed_stability_logistic_blas_4_vs_12_causal_diagnostic_validation,ST05_02_seed_stability_grid,miniboone_hgb_vs_logreg_average_precision_v01,openml_miniboone_41150,4,20260507,2,1,2,5,2,logistic_regression,control,not_applicable_control_model,numeric_particleid_0_49_locked,104051,26013,0.28062200267176673,0.2806289163110752,0.9404138541150426,0.8685211206996868,0.8685211206996868,0.7730533165717666,0.831401183266486,0.2844798572199091,0.08509890260428134,1.504297,0.059013,openml_miniboone_stage05_seed_stability_outer_scores.csv,7,7,true,st07_26_same_machine_causal_diagnostic,Разрешён только same-machine причинно-диагностический вывод о влиянии числа BLAS-потоков на расхождение ST05_02 logistic regression.
ST07_26_stage05_seed_stability_logistic_blas_4_vs_12_causal_diagnostic_validation,ST05_02_seed_stability_grid,miniboone_hgb_vs_logreg_average_precision_v01,openml_miniboone_41150,4,20260507,3,1,3,5,2,logistic_regression,control,not_applicable_control_model,numeric_particleid_0_49_locked,104051,26013,0.28062200267176673,0.2806289163110752,0.940193433764089,0.8721832351578441,0.8721832351578441,0.782049386366997,0.8372242027921399,0.2819206600907325,0.08469135714634504,1.86214,0.044389,openml_miniboone_stage05_seed_stability_outer_scores.csv,7,7,true,st07_26_same_machine_causal_diagnostic,Разрешён только same-machine причинно-диагностический вывод о влиянии числа BLAS-потоков на расхождение ST05_02 logistic regression.
ST07_26_stage05_seed_stability_logistic_blas_4_vs_12_causal_diagnostic_validation,ST05_02_seed_stability_grid,miniboone_hgb_vs_logreg_average_precision_v01,openml_miniboone_41150,4,20260507,4,1,4,5,2,logistic_regression,control,not_applicable_control_model,numeric_particleid_0_49_locked,104051,26013,0.28062200267176673,0.2806289163110752,0.9385118396192229,0.8644995041355736,0.8644995041355736,0.7775891341256367,0.8345684195808496,0.28748366251445584,0.0856346430662752,2.016963,0.03611,openml_miniboone_stage05_seed_stability_outer_scores.csv,7,7,true,st07_26_same_machine_causal_diagnostic,Разрешён только same-machine причинно-диагностический вывод о влиянии числа BLAS-потоков на расхождение ST05_02 logistic regression.
ST07_26_stage05_seed_stability_logistic_blas_4_vs_12_causal_diagnostic_validation,ST05_02_seed_stability_grid,miniboone_hgb_vs_logreg_average_precision_v01,openml_miniboone_41150,4,20260507,5,1,5,5,2,logistic_regression,control,not_applicable_control_model,numeric_particleid_0_49_locked,104052,26012,0.2806289163110752,0.28060126095648164,0.9413248647171036,0.8705854825266734,0.8705854825266734,0.7788383277839438,0.8350652580996349,0.2813661095851,0.0843246752412563,1.990631,0.058551,openml_miniboone_stage05_seed_stability_outer_scores.csv,7,7,true,st07_26_same_machine_causal_diagnostic,Разрешён только same-machine причинно-диагностический вывод о влиянии числа BLAS-потоков на расхождение ST05_02 logistic regression.
ST07_26_stage05_seed_stability_logistic_blas_4_vs_12_causal_diagnostic_validation,ST05_02_seed_stability_grid,miniboone_hgb_vs_logreg_average_precision_v01,openml_miniboone_41150,4,20260507,6,2,1,5,2,logistic_regression,control,not_applicable_control_model,numeric_particleid_0_49_locked,104051,26013,0.28062200267176673,0.2806289163110752,0.9395634307407712,0.8659562904749585,0.8659562904749585,0.7767105068715827,0.8338684337091862,0.2861423117671665,0.08548220378930768,1.502154,0.029933,openml_miniboone_stage05_seed_stability_outer_scores.csv,7,7,true,st07_26_same_machine_causal_diagnostic,Разрешён только same-machine причинно-диагностический вывод о влиянии числа BLAS-потоков на расхождение ST05_02 logistic regression.
ST07_26_stage05_seed_stability_logistic_blas_4_vs_12_causal_diagnostic_validation,ST05_02_seed_stability_grid,miniboone_hgb_vs_logreg_average_precision_v01,openml_miniboone_41150,4,20260507,7,2,2,5,2,logistic_regression,control,not_applicable_control_model,numeric_particleid_0_49_locked,104051,26013,0.28062200267176673,0.2806289163110752,0.9391845607295198,0.8699969875463552,0.8699969875463552,0.7728048689972538,0.8307376894972288,0.28443423394591166,0.08574501218504729,1.598915,0.027808,openml_miniboone_stage05_seed_stability_outer_scores.csv,7,7,true,st07_26_same_machine_causal_diagnostic,Разрешён только same-machine причинно-диагностический вывод о влиянии числа BLAS-потоков на расхождение ST05_02 logistic regression.
ST07_26_stage05_seed_stability_logistic_blas_4_vs_12_causal_diagnostic_validation,ST05_02_seed_stability_grid,miniboone_hgb_vs_logreg_average_precision_v01,openml_miniboone_41150,4,20260507,8,2,3,5,2,logistic_regression,control,not_applicable_control_model,numeric_particleid_0_49_locked,104051,26013,0.28062200267176673,0.2806289163110752,0.9401417006271371,0.8666065451558531,0.8666065451558531,0.7785116688683399,0.8359804516529056,0.2843081460825992,0.08540419333219232,2.778559,0.05435,openml_miniboone_stage05_seed_stability_outer_scores.csv,7,7,true,st07_26_same_machine_causal_diagnostic,Разрешён только same-machine причинно-диагностический вывод о влиянии числа BLAS-потоков на расхождение ST05_02 logistic regression.
ST07_26_stage05_seed_stability_logistic_blas_4_vs_12_causal_diagnostic_validation,ST05_02_seed_stability_grid,miniboone_hgb_vs_logreg_average_precision_v01,openml_miniboone_41150,4,20260507,9,2,4,5,2,logistic_regression,control,not_applicable_control_model,numeric_particleid_0_49_locked,104051,26013,0.28062200267176673,0.2806289163110752,0.9378505675857892,0.8670399213481755,0.8670399213481755,0.7762711864406779,0.8339538735433356,0.2872122041450293,0.08573196423790935,2.253047,0.029917,openml_miniboone_stage05_seed_stability_outer_scores.csv,7,7,true,st07_26_same_machine_causal_diagnostic,Разрешён только same-machine причинно-диагностический вывод о влиянии числа BLAS-потоков на расхождение ST05_02 logistic regression.
ST07_26_stage05_seed_stability_logistic_blas_4_vs_12_causal_diagnostic_validation,ST05_02_seed_stability_grid,miniboone_hgb_vs_logreg_average_precision_v01,openml_miniboone_41150,4,20260507,10,2,5,5,2,logistic_regression,control,not_applicable_control_model,numeric_particleid_0_49_locked,104052,26012,0.2806289163110752,0.28060126095648164,0.9388749903385178,0.8666083976406225,0.8666083976406225,0.7793420272673385,0.8351920388552907,0.285511077663836,0.0853987183659406,1.417103,0.04152,openml_miniboone_stage05_seed_stability_outer_scores.csv,7,7,true,st07_26_same_machine_causal_diagnostic,Разрешён только same-machine причинно-диагностический вывод о влиянии числа BLAS-потоков на расхождение ST05_02 logistic regression.
ST07_26_stage05_seed_stability_logistic_blas_4_vs_12_causal_diagnostic_validation,ST05_02_seed_stability_grid,miniboone_hgb_vs_logreg_average_precision_v01,openml_miniboone_41150,4,20260517,1,1,1,5,2,logistic_regression,control,not_applicable_control_model,numeric_particleid_0_49_locked,104051,26013,0.28062200267176673,0.2806289163110752,0.9420193345919511,0.8698653128771201,0.8698653128771201,0.7813466922056873,0.8372746475419257,0.2806613743543313,0.08392883009897123,2.043758,0.028618,openml_miniboone_stage05_seed_stability_outer_scores.csv,7,7,true,st07_26_same_machine_causal_diagnostic,Разрешён только same-machine причинно-диагностический вывод о влиянии числа BLAS-потоков на расхождение ST05_02 logistic regression.
ST07_26_stage05_seed_stability_logistic_blas_4_vs_12_causal_diagnostic_validation,ST05_02_seed_stability_grid,miniboone_hgb_vs_logreg_average_precision_v01,openml_miniboone_41150,4,20260517,2,1,2,5,2,logistic_regression,control,not_applicable_control_model,numeric_particleid_0_49_locked,104051,26013,0.28062200267176673,0.2806289163110752,0.939308209295567,0.8682063249873664,0.8682063249873664,0.7817124346609733,0.837605448267229,0.2846490658332404,0.08529436495356518,2.235724,0.055554,openml_miniboone_stage05_seed_stability_outer_scores.csv,7,7,true,st07_26_same_machine_causal_diagnostic,Разрешён только same-machine причинно-диагностический вывод о влиянии числа BLAS-потоков на расхождение ST05_02 logistic regression.
ST07_26_stage05_seed_stability_logistic_blas_4_vs_12_causal_diagnostic_validation,ST05_02_seed_stability_grid,miniboone_hgb_vs_logreg_average_precision_v01,openml_miniboone_41150,4,20260517,3,1,3,5,2,logistic_regression,control,not_applicable_control_model,numeric_particleid_0_49_locked,104051,26013,0.28062200267176673,0.2806289163110752,0.9348377034791577,0.8598789400479379,0.8598789400479379,0.7708163416623415,0.8296019176471707,0.29407308086953177,0.08760201881892239,2.685644,0.058928,openml_miniboone_stage05_seed_stability_outer_scores.csv,7,7,true,st07_26_same_machine_causal_diagnostic,Разрешён только same-machine причинно-диагностический вывод о влиянии числа BLAS-потоков на расхождение ST05_02 logistic regression.
ST07_26_stage05_seed_stability_logistic_blas_4_vs_12_causal_diagnostic_validation,ST05_02_seed_stability_grid,miniboone_hgb_vs_logreg_average_precision_v01,openml_miniboone_41150,4,20260517,4,1,4,5,2,logistic_regression,control,not_applicable_control_model,numeric_particleid_0_49_locked,104051,26013,0.28062200267176673,0.2806289163110752,0.9415494685768959,0.8723019125277703,0.8723019125277703,0.7765556949878202,0.8339019317755074,0.2808098159745943,0.08454044735645481,2.1522,0.058872,openml_miniboone_stage05_seed_stability_outer_scores.csv,7,7,true,st07_26_same_machine_causal_diagnostic,Разрешён только same-machine причинно-диагностический вывод о влиянии числа BLAS-потоков на расхождение ST05_02 logistic regression.
ST07_26_stage05_seed_stability_logistic_blas_4_vs_12_causal_diagnostic_validation,ST05_02_seed_stability_grid,miniboone_hgb_vs_logreg_average_precision_v01,openml_miniboone_41150,4,20260517,5,1,5,5,2,logistic_regression,control,not_applicable_control_model,numeric_particleid_0_49_locked,104052,26012,0.2806289163110752,0.28060126095648164,0.9408938548083197,0.8702936583635738,0.8702936583635738,0.7791958686831427,0.8357104770777444,0.2818995648588542,0.08459800977495618,2.27619,0.027812,openml_miniboone_stage05_seed_stability_outer_scores.csv,7,7,true,st07_26_same_machine_causal_diagnostic,Разрешён только same-machine причинно-диагностический вывод о влиянии числа BLAS-потоков на расхождение ST05_02 logistic regression.
ST07_26_stage05_seed_stability_logistic_blas_4_vs_12_causal_diagnostic_validation,ST05_02_seed_stability_grid,miniboone_hgb_vs_logreg_average_precision_v01,openml_miniboone_41150,4,20260517,6,2,1,5,2,logistic_regression,control,not_applicable_control_model,numeric_particleid_0_49_locked,104051,26013,0.28062200267176673,0.2806289163110752,0.9423063521147484,0.873282110955339,0.873282110955339,0.7776123846382852,0.8334401328210042,0.2796425742865817,0.08408515904543341,2.244161,0.052119,openml_miniboone_stage05_seed_stability_outer_scores.csv,7,7,true,st07_26_same_machine_causal_diagnostic,Разрешён только same-machine причинно-диагностический вывод о влиянии числа BLAS-потоков на расхождение ST05_02 logistic regression.
ST07_26_stage05_seed_stability_logistic_blas_4_vs_12_causal_diagnostic_validation,ST05_02_seed_stability_grid,miniboone_hgb_vs_logreg_average_precision_v01,openml_miniboone_41150,4,20260517,7,2,2,5,2,logistic_regression,control,not_applicable_control_model,numeric_particleid_0_49_locked,104051,26013,0.28062200267176673,0.2806289163110752,0.9397815341909405,0.871147044754327,0.871147044754327,0.7750073768073178,0.8329949694337465,0.28215464473294577,0.08503499681366225,2.517736,0.049571,openml_miniboone_stage05_seed_stability_outer_scores.csv,7,7,true,st07_26_same_machine_causal_diagnostic,Разрешён только same-machine причинно-диагностический вывод о влиянии числа BLAS-потоков на расхождение ST05_02 logistic regression.
ST07_26_stage05_seed_stability_logistic_blas_4_vs_12_causal_diagnostic_validation,ST05_02_seed_stability_grid,miniboone_hgb_vs_logreg_average_precision_v01,openml_miniboone_41150,4,20260517,8,2,3,5,2,logistic_regression,control,not_applicable_control_model,numeric_particleid_0_49_locked,104051,26013,0.28062200267176673,0.2806289163110752,0.9377991053029576,0.8640556893305184,0.8640556893305184,0.7741270075143657,0.8326092329045298,0.2880188809065399,0.086304508528356,1.908524,0.047426,openml_miniboone_stage05_seed_stability_outer_scores.csv,7,7,true,st07_26_same_machine_causal_diagnostic,Разрешён только same-machine причинно-диагностический вывод о влиянии числа BLAS-потоков на расхождение ST05_02 logistic regression.
ST07_26_stage05_seed_stability_logistic_blas_4_vs_12_causal_diagnostic_validation,ST05_02_seed_stability_grid,miniboone_hgb_vs_logreg_average_precision_v01,openml_miniboone_41150,4,20260517,9,2,4,5,2,logistic_regression,control,not_applicable_control_model,numeric_particleid_0_49_locked,104051,26013,0.28062200267176673,0.2806289163110752,0.9384497554626516,0.8660220191181426,0.8660220191181426,0.7803979366249079,0.8366198247647046,0.2874172801340778,0.0857130690668798,1.869033,0.027798,openml_miniboone_stage05_seed_stability_outer_scores.csv,7,7,true,st07_26_same_machine_causal_diagnostic,Разрешён только same-machine причинно-диагностический вывод о влиянии числа BLAS-потоков на расхождение ST05_02 logistic regression.
ST07_26_stage05_seed_stability_logistic_blas_4_vs_12_causal_diagnostic_validation,ST05_02_seed_stability_grid,miniboone_hgb_vs_logreg_average_precision_v01,openml_miniboone_41150,4,20260517,10,2,5,5,2,logistic_regression,control,not_applicable_control_model,numeric_particleid_0_49_locked,104052,26012,0.2806289163110752,0.28060126095648164,0.9387079090215763,0.8631287414306091,0.8631287414306091,0.7790063393778565,0.8357022295380425,0.2882484044605162,0.08592901170238562,2.084384,0.058176,openml_miniboone_stage05_seed_stability_outer_scores.csv,7,7,true,st07_26_same_machine_causal_diagnostic,Разрешён только same-machine причинно-диагностический вывод о влиянии числа BLAS-потоков на расхождение ST05_02 logistic regression.
ST07_26_stage05_seed_stability_logistic_blas_4_vs_12_causal_diagnostic_validation,ST05_02_seed_stability_grid,miniboone_hgb_vs_logreg_average_precision_v01,openml_miniboone_41150,4,20260527,1,1,1,5,2,logistic_regression,control,not_applicable_control_model,numeric_particleid_0_49_locked,104051,26013,0.28062200267176673,0.2806289163110752,0.9360805798327878,0.8623788489710034,0.8623788489710034,0.7716955941255007,0.830116364786329,0.29022264656212904,0.0872790519607017,2.028918,0.055483,openml_miniboone_stage05_seed_stability_outer_scores.csv,7,7,true,st07_26_same_machine_causal_diagnostic,Разрешён только same-machine причинно-диагностический вывод о влиянии числа BLAS-потоков на расхождение ST05_02 logistic regression.
ST07_26_stage05_seed_stability_logistic_blas_4_vs_12_causal_diagnostic_validation,ST05_02_seed_stability_grid,miniboone_hgb_vs_logreg_average_precision_v01,openml_miniboone_41150,4,20260527,2,1,2,5,2,logistic_regression,control,not_applicable_control_model,numeric_particleid_0_49_locked,104051,26013,0.28062200267176673,0.2806289163110752,0.9377328558492412,0.8657949662251971,0.8657949662251971,0.7754199823165341,0.8334243720393631,0.28722579732595055,0.08593160964403726,1.557788,0.049948,openml_miniboone_stage05_seed_stability_outer_scores.csv,7,7,true,st07_26_same_machine_causal_diagnostic,Разрешён только same-machine причинно-диагностический вывод о влиянии числа BLAS-потоков на расхождение ST05_02 logistic regression.
ST07_26_stage05_seed_stability_logistic_blas_4_vs_12_causal_diagnostic_validation,ST05_02_seed_stability_grid,miniboone_hgb_vs_logreg_average_precision_v01,openml_miniboone_41150,4,20260527,3,1,3,5,2,logistic_regression,control,not_applicable_control_model,numeric_particleid_0_49_locked,104051,26013,0.28062200267176673,0.2806289163110752,0.941238864784499,0.8716994712059072,0.8716994712059072,0.7780748663101604,0.8340249654294978,0.2813638299600399,0.08433556474471093,2.337317,0.04207,openml_miniboone_stage05_seed_stability_outer_scores.csv,7,7,true,st07_26_same_machine_causal_diagnostic,Разрешён только same-machine причинно-диагностический вывод о влиянии числа BLAS-потоков на расхождение ST05_02 logistic regression.
ST07_26_stage05_seed_stability_logistic_blas_4_vs_12_causal_diagnostic_validation,ST05_02_seed_stability_grid,miniboone_hgb_vs_logreg_average_precision_v01,openml_miniboone_41150,4,20260527,4,1,4,5,2,logistic_regression,control,not_applicable_control_model,numeric_particleid_0_49_locked,104051,26013,0.28062200267176673,0.2806289163110752,0.9405996929831946,0.8707064234074556,0.8707064234074556,0.7825641025641026,0.8388620503364081,0.28276737722986617,0.08423366719177919,2.413859,0.036981,openml_miniboone_stage05_seed_stability_outer_scores.csv,7,7,true,st07_26_same_machine_causal_diagnostic,Разрешён только same-machine причинно-диагностический вывод о влиянии числа BLAS-потоков на расхождение ST05_02 logistic regression.
ST07_26_stage05_seed_stability_logistic_blas_4_vs_12_causal_diagnostic_validation,ST05_02_seed_stability_grid,miniboone_hgb_vs_logreg_average_precision_v01,openml_miniboone_41150,4,20260527,5,1,5,5,2,logistic_regression,control,not_applicable_control_model,numeric_particleid_0_49_locked,104052,26012,0.2806289163110752,0.28060126095648164,0.9401005022564982,0.8660137273743396,0.8660137273743396,0.7773351040283312,0.8344993114128005,0.2856810835409851,0.08572545906343297,1.997943,0.056189,openml_miniboone_stage05_seed_stability_outer_scores.csv,7,7,true,st07_26_same_machine_causal_diagnostic,Разрешён только same-machine причинно-диагностический вывод о влиянии числа BLAS-потоков на расхождение ST05_02 logistic regression.
ST07_26_stage05_seed_stability_logistic_blas_4_vs_12_causal_diagnostic_validation,ST05_02_seed_stability_grid,miniboone_hgb_vs_logreg_average_precision_v01,openml_miniboone_41150,4,20260527,6,2,1,5,2,logistic_regression,control,not_applicable_control_model,numeric_particleid_0_49_locked,104051,26013,0.28062200267176673,0.2806289163110752,0.9386116237411689,0.8671240425782883,0.8671240425782883,0.7770822593710877,0.8345703118994999,0.28578988066962774,0.08565873760633454,1.755514,0.04975,openml_miniboone_stage05_seed_stability_outer_scores.csv,7,7,true,st07_26_same_machine_causal_diagnostic,Разрешён только same-machine причинно-диагностический вывод о влиянии числа BLAS-потоков на расхождение ST05_02 logistic regression.
ST07_26_stage05_seed_stability_logistic_blas_4_vs_12_causal_diagnostic_validation,ST05_02_seed_stability_grid,miniboone_hgb_vs_logreg_average_precision_v01,openml_miniboone_41150,4,20260527,7,2,2,5,2,logistic_regression,control,not_applicable_control_model,numeric_particleid_0_49_locked,104051,26013,0.28062200267176673,0.2806289163110752,0.9397610188214333,0.8688803097459259,0.8688803097459259,0.7783672266430887,0.8353286229117696,0.2835547194324169,0.0850475691453801,1.24607,0.050374,openml_miniboone_stage05_seed_stability_outer_scores.csv,7,7,true,st07_26_same_machine_causal_diagnostic,Разрешён только same-machine причинно-диагностический вывод о влиянии числа BLAS-потоков на расхождение ST05_02 logistic regression.
ST07_26_stage05_seed_stability_logistic_blas_4_vs_12_causal_diagnostic_validation,ST05_02_seed_stability_grid,miniboone_hgb_vs_logreg_average_precision_v01,openml_miniboone_41150,4,20260527,8,2,3,5,2,logistic_regression,control,not_applicable_control_model,numeric_particleid_0_49_locked,104051,26013,0.28062200267176673,0.2806289163110752,0.9399500200944475,0.867970668509372,0.867970668509372,0.7780158085247839,0.8347404009665832,0.2846181163560097,0.08516305279793365,2.444521,0.037917,openml_miniboone_stage05_seed_stability_outer_scores.csv,7,7,true,st07_26_same_machine_causal_diagnostic,Разрешён только same-machine причинно-диагностический вывод о влиянии числа BLAS-потоков на расхождение ST05_02 logistic regression.
ST07_26_stage05_seed_stability_logistic_blas_4_vs_12_causal_diagnostic_validation,ST05_02_seed_stability_grid,miniboone_hgb_vs_logreg_average_precision_v01,openml_miniboone_41150,4,20260527,9,2,4,5,2,logistic_regression,control,not_applicable_control_model,numeric_particleid_0_49_locked,104051,26013,0.28062200267176673,0.2806289163110752,0.9408584648134879,0.8654334355497033,0.8654334355497033,0.7791614472035959,0.8358314050228066,0.28487021884015706,0.08485582617793534,2.188292,0.046061,openml_miniboone_stage05_seed_stability_outer_scores.csv,7,7,true,st07_26_same_machine_causal_diagnostic,Разрешён только same-machine причинно-диагностический вывод о влиянии числа BLAS-потоков на расхождение ST05_02 logistic regression.
ST07_26_stage05_seed_stability_logistic_blas_4_vs_12_causal_diagnostic_validation,ST05_02_seed_stability_grid,miniboone_hgb_vs_logreg_average_precision_v01,openml_miniboone_41150,4,20260527,10,2,5,5,2,logistic_regression,control,not_applicable_control_model,numeric_particleid_0_49_locked,104052,26012,0.2806289163110752,0.28060126095648164,0.9386783928597405,0.8702568891630427,0.8702568891630427,0.7785492687250701,0.8351172655548251,0.2835750037602586,0.08534466313389341,2.262953,0.054981,openml_miniboone_stage05_seed_stability_outer_scores.csv,7,7,true,st07_26_same_machine_causal_diagnostic,Разрешён только same-machine причинно-диагностический вывод о влиянии числа BLAS-потоков на расхождение ST05_02 logistic regression.
ST07_26_stage05_seed_stability_logistic_blas_4_vs_12_causal_diagnostic_validation,ST05_02_seed_stability_grid,miniboone_hgb_vs_logreg_average_precision_v01,openml_miniboone_41150,4,20260606,1,1,1,5,2,logistic_regression,control,not_applicable_control_model,numeric_particleid_0_49_locked,104051,26013,0.28062200267176673,0.2806289163110752,0.937471598749386,0.8644799616532252,0.8644799616532252,0.7732665242060276,0.8320229032779937,0.2877612194022462,0.08656553429629724,1.710089,0.028002,openml_miniboone_stage05_seed_stability_outer_scores.csv,7,7,true,st07_26_same_machine_causal_diagnostic,Разрешён только same-machine причинно-диагностический вывод о влиянии числа BLAS-потоков на расхождение ST05_02 logistic regression.
ST07_26_stage05_seed_stability_logistic_blas_4_vs_12_causal_diagnostic_validation,ST05_02_seed_stability_grid,miniboone_hgb_vs_logreg_average_precision_v01,openml_miniboone_41150,4,20260606,2,1,2,5,2,logistic_regression,control,not_applicable_control_model,numeric_particleid_0_49_locked,104051,26013,0.28062200267176673,0.2806289163110752,0.937418379574964,0.8647352223836418,0.8647352223836418,0.7755765819041986,0.8330766246305953,0.2880962507875605,0.0862354268886737,2.788184,0.048878,openml_miniboone_stage05_seed_stability_outer_scores.csv,7,7,true,st07_26_same_machine_causal_diagnostic,Разрешён только same-machine причинно-диагностический вывод о влиянии числа BLAS-потоков на расхождение ST05_02 logistic regression.
ST07_26_stage05_seed_stability_logistic_blas_4_vs_12_causal_diagnostic_validation,ST05_02_seed_stability_grid,miniboone_hgb_vs_logreg_average_precision_v01,openml_miniboone_41150,4,20260606,3,1,3,5,2,logistic_regression,control,not_applicable_control_model,numeric_particleid_0_49_locked,104051,26013,0.28062200267176673,0.2806289163110752,0.9393643493022577,0.8662648464176481,0.8662648464176481,0.7772525849335303,0.8342793926132956,0.2852795154958311,0.0856650652631585,2.530172,0.056707,openml_miniboone_stage05_seed_stability_outer_scores.csv,7,7,true,st07_26_same_machine_causal_diagnostic,Разрешён только same-machine причинно-диагностический вывод о влиянии числа BLAS-потоков на расхождение ST05_02 logistic regression.
ST07_26_stage05_seed_stability_logistic_blas_4_vs_12_causal_diagnostic_validation,ST05_02_seed_stability_grid,miniboone_hgb_vs_logreg_average_precision_v01,openml_miniboone_41150,4,20260606,4,1,4,5,2,logistic_regression,control,not_applicable_control_model,numeric_particleid_0_49_locked,104051,26013,0.28062200267176673,0.2806289163110752,0.9417559619018058,0.8690899672298901,0.8690899672298901,0.7816651904340124,0.8372076514092832,0.2828651515298265,0.0844140714576902,2.040399,0.041993,openml_miniboone_stage05_seed_stability_outer_scores.csv,7,7,true,st07_26_same_machine_causal_diagnostic,Разрешён только same-machine причинно-диагностический вывод о влиянии числа BLAS-потоков на расхождение ST05_02 logistic regression.
ST07_26_stage05_seed_stability_logistic_blas_4_vs_12_causal_diagnostic_validation,ST05_02_seed_stability_grid,miniboone_hgb_vs_logreg_average_precision_v01,openml_miniboone_41150,4,20260606,5,1,5,5,2,logistic_regression,control,not_applicable_control_model,numeric_particleid_0_49_locked,104052,26012,0.2806289163110752,0.28060126095648164,0.9411986952970581,0.8736647764353053,0.8736647764353053,0.7813884785819794,0.8369682653195378,0.28083400023280747,0.08397703189627079,1.688853,0.027513,openml_miniboone_stage05_seed_stability_outer_scores.csv,7,7,true,st07_26_same_machine_causal_diagnostic,Разрешён только same-machine причинно-диагностический вывод о влиянии числа BLAS-потоков на расхождение ST05_02 logistic regression.
ST07_26_stage05_seed_stability_logistic_blas_4_vs_12_causal_diagnostic_validation,ST05_02_seed_stability_grid,miniboone_hgb_vs_logreg_average_precision_v01,openml_miniboone_41150,4,20260606,6,2,1,5,2,logistic_regression,control,not_applicable_control_model,numeric_particleid_0_49_locked,104051,26013,0.28062200267176673,0.2806289163110752,0.940216910227964,0.8711589294367489,0.8711589294367489,0.7792323053028622,0.8353583363407902,0.28220141620025707,0.08441134334990642,1.720129,0.051457,openml_miniboone_stage05_seed_stability_outer_scores.csv,7,7,true,st07_26_same_machine_causal_diagnostic,Разрешён только same-machine причинно-диагностический вывод о влиянии числа BLAS-потоков на расхождение ST05_02 logistic regression.
ST07_26_stage05_seed_stability_logistic_blas_4_vs_12_causal_diagnostic_validation,ST05_02_seed_stability_grid,miniboone_hgb_vs_logreg_average_precision_v01,openml_miniboone_41150,4,20260606,7,2,2,5,2,logistic_regression,control,not_applicable_control_model,numeric_particleid_0_49_locked,104051,26013,0.28062200267176673,0.2806289163110752,0.940062208603059,0.866852908980139,0.866852908980139,0.7777777777777778,0.8356899276673091,0.2841761734461337,0.08513644465179124,2.399484,0.054608,openml_miniboone_stage05_seed_stability_outer_scores.csv,7,7,true,st07_26_same_machine_causal_diagnostic,Разрешён только same-machine причинно-диагностический вывод о влиянии числа BLAS-потоков на расхождение ST05_02 logistic regression.
ST07_26_stage05_seed_stability_logistic_blas_4_vs_12_causal_diagnostic_validation,ST05_02_seed_stability_grid,miniboone_hgb_vs_logreg_average_precision_v01,openml_miniboone_41150,4,20260606,8,2,3,5,2,logistic_regression,control,not_applicable_control_model,numeric_particleid_0_49_locked,104051,26013,0.28062200267176673,0.2806289163110752,0.9384887255142385,0.8679120330140088,0.8679120330140088,0.7766471068855382,0.8330995593862299,0.2866076393358164,0.08599877682168218,2.493212,0.048717,openml_miniboone_stage05_seed_stability_outer_scores.csv,7,7,true,st07_26_same_machine_causal_diagnostic,Разрешён только same-machine причинно-диагностический вывод о влиянии числа BLAS-потоков на расхождение ST05_02 logistic regression.
ST07_26_stage05_seed_stability_logistic_blas_4_vs_12_causal_diagnostic_validation,ST05_02_seed_stability_grid,miniboone_hgb_vs_logreg_average_precision_v01,openml_miniboone_41150,4,20260606,9,2,4,5,2,logistic_regression,control,not_applicable_control_model,numeric_particleid_0_49_locked,104051,26013,0.28062200267176673,0.2806289163110752,0.9402239817166148,0.8693955275568379,0.8693955275568379,0.7785324080909494,0.8351664142355069,0.2832449565460424,0.08493297740126854,2.874377,0.05465,openml_miniboone_stage05_seed_stability_outer_scores.csv,7,7,true,st07_26_same_machine_causal_diagnostic,Разрешён только same-machine причинно-диагностический вывод о влиянии числа BLAS-потоков на расхождение ST05_02 logistic regression.
ST07_26_stage05_seed_stability_logistic_blas_4_vs_12_causal_diagnostic_validation,ST05_02_seed_stability_grid,miniboone_hgb_vs_logreg_average_precision_v01,openml_miniboone_41150,4,20260606,10,2,5,5,2,logistic_regression,control,not_applicable_control_model,numeric_particleid_0_49_locked,104052,26012,0.2806289163110752,0.28060126095648164,0.9380875315012638,0.8624278685528267,0.8624278685528267,0.7741075396237594,0.8318893988892156,0.2895345867717596,0.08672264825395139,2.0263,0.047208,openml_miniboone_stage05_seed_stability_outer_scores.csv,7,7,true,st07_26_same_machine_causal_diagnostic,Разрешён только same-machine причинно-диагностический вывод о влиянии числа BLAS-потоков на расхождение ST05_02 logistic regression.
ST07_26_stage05_seed_stability_logistic_blas_4_vs_12_causal_diagnostic_validation,ST05_02_seed_stability_grid,miniboone_hgb_vs_logreg_average_precision_v01,openml_miniboone_41150,4,20260616,1,1,1,5,2,logistic_regression,control,not_applicable_control_model,numeric_particleid_0_49_locked,104051,26013,0.28062200267176673,0.2806289163110752,0.9381026083251773,0.8665352181861149,0.8665352181861149,0.7741171244539868,0.8319239060970727,0.2868664578049774,0.08604455678094951,1.80333,0.055477,openml_miniboone_stage05_seed_stability_outer_scores.csv,7,7,true,st07_26_same_machine_causal_diagnostic,Разрешён только same-machine причинно-диагностический вывод о влиянии числа BLAS-потоков на расхождение ST05_02 logistic regression.
ST07_26_stage05_seed_stability_logistic_blas_4_vs_12_causal_diagnostic_validation,ST05_02_seed_stability_grid,miniboone_hgb_vs_logreg_average_precision_v01,openml_miniboone_41150,4,20260616,2,1,2,5,2,logistic_regression,control,not_applicable_control_model,numeric_particleid_0_49_locked,104051,26013,0.28062200267176673,0.2806289163110752,0.9389538662229541,0.8658907493136028,0.8658907493136028,0.7759256527511432,0.833608018453218,0.2873566636945204,0.08575499418775909,2.3298,0.057849,openml_miniboone_stage05_seed_stability_outer_scores.csv,7,7,true,st07_26_same_machine_causal_diagnostic,Разрешён только same-machine причинно-диагностический вывод о влиянии числа BLAS-потоков на расхождение ST05_02 logistic regression.
ST07_26_stage05_seed_stability_logistic_blas_4_vs_12_causal_diagnostic_validation,ST05_02_seed_stability_grid,miniboone_hgb_vs_logreg_average_precision_v01,openml_miniboone_41150,4,20260616,3,1,3,5,2,logistic_regression,control,not_applicable_control_model,numeric_particleid_0_49_locked,104051,26013,0.28062200267176673,0.2806289163110752,0.9371031346606161,0.8651312629937327,0.8651312629937327,0.7728051232407477,0.8302947295448406,0.2886438511881046,0.08656838618781268,1.83783,0.039008,openml_miniboone_stage05_seed_stability_outer_scores.csv,7,7,true,st07_26_same_machine_causal_diagnostic,Разрешён только same-machine причинно-диагностический вывод о влиянии числа BLAS-потоков на расхождение ST05_02 logistic regression.
ST07_26_stage05_seed_stability_logistic_blas_4_vs_12_causal_diagnostic_validation,ST05_02_seed_stability_grid,miniboone_hgb_vs_logreg_average_precision_v01,openml_miniboone_41150,4,20260616,4,1,4,5,2,logistic_regression,control,not_applicable_control_model,numeric_particleid_0_49_locked,104051,26013,0.28062200267176673,0.2806289163110752,0.9426718441285782,0.8731934927952865,0.8731934927952865,0.7834460452807998,0.8389485918879923,0.2789033899854759,0.0834018150745551,2.510642,0.042214,openml_miniboone_stage05_seed_stability_outer_scores.csv,7,7,true,st07_26_same_machine_causal_diagnostic,Разрешён только same-machine причинно-диагностический вывод о влиянии числа BLAS-потоков на расхождение ST05_02 logistic regression.
ST07_26_stage05_seed_stability_logistic_blas_4_vs_12_causal_diagnostic_validation,ST05_02_seed_stability_grid,miniboone_hgb_vs_logreg_average_precision_v01,openml_miniboone_41150,4,20260616,5,1,5,5,2,logistic_regression,control,not_applicable_control_model,numeric_particleid_0_49_locked,104052,26012,0.2806289163110752,0.28060126095648164,0.9372919752126913,0.8625654011771846,0.8625654011771846,0.7756844274359729,0.8337812959080555,0.28891830858965106,0.0870592024197563,2.106032,0.049086,openml_miniboone_stage05_seed_stability_outer_scores.csv,7,7,true,st07_26_same_machine_causal_diagnostic,Разрешён только same-machine причинно-диагностический вывод о влиянии числа BLAS-потоков на расхождение ST05_02 logistic regression.
ST07_26_stage05_seed_stability_logistic_blas_4_vs_12_causal_diagnostic_validation,ST05_02_seed_stability_grid,miniboone_hgb_vs_logreg_average_precision_v01,openml_miniboone_41150,4,20260616,6,2,1,5,2,logistic_regression,control,not_applicable_control_model,numeric_particleid_0_49_locked,104051,26013,0.28062200267176673,0.2806289163110752,0.9405720841638915,0.8697887611273596,0.8697887611273596,0.7826920241780922,0.8380596779471308,0.2831906247641227,0.08444039967111751,1.922469,0.027235,openml_miniboone_stage05_seed_stability_outer_scores.csv,7,7,true,st07_26_same_machine_causal_diagnostic,Разрешён только same-machine причинно-диагностический вывод о влиянии числа BLAS-потоков на расхождение ST05_02 logistic regression.
ST07_26_stage05_seed_stability_logistic_blas_4_vs_12_causal_diagnostic_validation,ST05_02_seed_stability_grid,miniboone_hgb_vs_logreg_average_precision_v01,openml_miniboone_41150,4,20260616,7,2,2,5,2,logistic_regression,control,not_applicable_control_model,numeric_particleid_0_49_locked,104051,26013,0.28062200267176673,0.2806289163110752,0.9379051703123387,0.8643953031478039,0.8643953031478039,0.7682700170991005,0.8276122269406149,0.2879387849098639,0.08675088141811613,2.123698,0.043106,openml_miniboone_stage05_seed_stability_outer_scores.csv,7,7,true,st07_26_same_machine_causal_diagnostic,Разрешён только same-machine причинно-диагностический вывод о влиянии числа BLAS-потоков на расхождение ST05_02 logistic regression.
ST07_26_stage05_seed_stability_logistic_blas_4_vs_12_causal_diagnostic_validation,ST05_02_seed_stability_grid,miniboone_hgb_vs_logreg_average_precision_v01,openml_miniboone_41150,4,20260616,8,2,3,5,2,logistic_regression,control,not_applicable_control_model,numeric_particleid_0_49_locked,104051,26013,0.28062200267176673,0.2806289163110752,0.9413785230251623,0.8736201594055502,0.8736201594055502,0.7825383993532741,0.8383923709910845,0.27979918466133763,0.08421493396639138,2.251875,0.043085,openml_miniboone_stage05_seed_stability_outer_scores.csv,7,7,true,st07_26_same_machine_causal_diagnostic,Разрешён только same-machine причинно-диагностический вывод о влиянии числа BLAS-потоков на расхождение ST05_02 logistic regression.
ST07_26_stage05_seed_stability_logistic_blas_4_vs_12_causal_diagnostic_validation,ST05_02_seed_stability_grid,miniboone_hgb_vs_logreg_average_precision_v01,openml_miniboone_41150,4,20260616,9,2,4,5,2,logistic_regression,control,not_applicable_control_model,numeric_particleid_0_49_locked,104051,26013,0.28062200267176673,0.2806289163110752,0.9356115812829553,0.8577638547975794,0.8577638547975794,0.7726399763628305,0.8312860300033161,0.29432849798693034,0.08756940593437725,1.454223,0.045776,openml_miniboone_stage05_seed_stability_outer_scores.csv,7,7,true,st07_26_same_machine_causal_diagnostic,Разрешён только same-machine причинно-диагностический вывод о влиянии числа BLAS-потоков на расхождение ST05_02 logistic regression.
ST07_26_stage05_seed_stability_logistic_blas_4_vs_12_causal_diagnostic_validation,ST05_02_seed_stability_grid,miniboone_hgb_vs_logreg_average_precision_v01,openml_miniboone_41150,4,20260616,10,2,5,5,2,logistic_regression,control,not_applicable_control_model,numeric_particleid_0_49_locked,104052,26012,0.2806289163110752,0.28060126095648164,0.9412176796472107,0.8712778150800236,0.8712778150800236,0.7792975970425139,0.8354646176629852,0.281306686705513,0.08445697511916521,2.953527,0.048406,openml_miniboone_stage05_seed_stability_outer_scores.csv,7,7,true,st07_26_same_machine_causal_diagnostic,Разрешён только same-machine причинно-диагностический вывод о влиянии числа BLAS-потоков на расхождение ST05_02 logistic regression.
ST07_26_stage05_seed_stability_logistic_blas_4_vs_12_causal_diagnostic_validation,ST05_02_seed_stability_grid,miniboone_hgb_vs_logreg_average_precision_v01,openml_miniboone_41150,12,20260507,1,1,1,5,2,logistic_regression,control,not_applicable_control_model,numeric_particleid_0_49_locked,104051,26013,0.28062200267176673,0.2806289163110752,0.9365105753893161,0.8617220139928502,0.8617220139928502,0.7744593202883625,0.8330269704820252,0.2905514061702884,0.0875149270619672,1.654637,0.035246,st07_25_stage05_seed_stability_candidate_outer_scores_v01.csv,7,7,true,st07_26_same_machine_causal_diagnostic,Разрешён только same-machine причинно-диагностический вывод о влиянии числа BLAS-потоков на расхождение ST05_02 logistic regression.
ST07_26_stage05_seed_stability_logistic_blas_4_vs_12_causal_diagnostic_validation,ST05_02_seed_stability_grid,miniboone_hgb_vs_logreg_average_precision_v01,openml_miniboone_41150,12,20260507,2,1,2,5,2,logistic_regression,control,not_applicable_control_model,numeric_particleid_0_49_locked,104051,26013,0.28062200267176673,0.2806289163110752,0.9407291063497721,0.8691395469763392,0.8691395469763392,0.7751846381093057,0.8329464170026112,0.2836889282012338,0.08480106445434861,1.547488,0.029565,st07_25_stage05_seed_stability_candidate_outer_scores_v01.csv,7,7,true,st07_26_same_machine_causal_diagnostic,Разрешён только same-machine причинно-диагностический вывод о влиянии числа BLAS-потоков на расхождение ST05_02 logistic regression.
ST07_26_stage05_seed_stability_logistic_blas_4_vs_12_causal_diagnostic_validation,ST05_02_seed_stability_grid,miniboone_hgb_vs_logreg_average_precision_v01,openml_miniboone_41150,12,20260507,3,1,3,5,2,logistic_regression,control,not_applicable_control_model,numeric_particleid_0_49_locked,104051,26013,0.28062200267176673,0.2806289163110752,0.939928216337774,0.8718836878640097,0.8718836878640097,0.7815480150809492,0.8369118457683435,0.28217382223101917,0.08476433611259147,2.076369,0.027566,st07_25_stage05_seed_stability_candidate_outer_scores_v01.csv,7,7,true,st07_26_same_machine_causal_diagnostic,Разрешён только same-machine причинно-диагностический вывод о влиянии числа BLAS-потоков на расхождение ST05_02 logistic regression.
ST07_26_stage05_seed_stability_logistic_blas_4_vs_12_causal_diagnostic_validation,ST05_02_seed_stability_grid,miniboone_hgb_vs_logreg_average_precision_v01,openml_miniboone_41150,12,20260507,4,1,4,5,2,logistic_regression,control,not_applicable_control_model,numeric_particleid_0_49_locked,104051,26013,0.28062200267176673,0.2806289163110752,0.9377143499244903,0.863266332517246,0.863266332517246,0.7760135883612732,0.8334909728713977,0.28892118443871273,0.08609363147442338,1.685155,0.029639,st07_25_stage05_seed_stability_candidate_outer_scores_v01.csv,7,7,true,st07_26_same_machine_causal_diagnostic,Разрешён только same-machine причинно-диагностический вывод о влиянии числа BLAS-потоков на расхождение ST05_02 logistic regression.
ST07_26_stage05_seed_stability_logistic_blas_4_vs_12_causal_diagnostic_validation,ST05_02_seed_stability_grid,miniboone_hgb_vs_logreg_average_precision_v01,openml_miniboone_41150,12,20260507,5,1,5,5,2,logistic_regression,control,not_applicable_control_model,numeric_particleid_0_49_locked,104052,26012,0.2806289163110752,0.28060126095648164,0.9415634759611525,0.8709140153348538,0.8709140153348538,0.7789364691960654,0.83519060752461,0.280914788973793,0.08414471194193719,1.475639,0.029123,st07_25_stage05_seed_stability_candidate_outer_scores_v01.csv,7,7,true,st07_26_same_machine_causal_diagnostic,Разрешён только same-machine причинно-диагностический вывод о влиянии числа BLAS-потоков на расхождение ST05_02 logistic regression.
ST07_26_stage05_seed_stability_logistic_blas_4_vs_12_causal_diagnostic_validation,ST05_02_seed_stability_grid,miniboone_hgb_vs_logreg_average_precision_v01,openml_miniboone_41150,12,20260507,6,2,1,5,2,logistic_regression,control,not_applicable_control_model,numeric_particleid_0_49_locked,104051,26013,0.28062200267176673,0.2806289163110752,0.9399181251917023,0.8663320707122552,0.8663320707122552,0.7773339251368545,0.8341055189089117,0.28580397316931855,0.0854388121664445,1.976964,0.029478,st07_25_stage05_seed_stability_candidate_outer_scores_v01.csv,7,7,true,st07_26_same_machine_causal_diagnostic,Разрешён только same-machine причинно-диагностический вывод о влиянии числа BLAS-потоков на расхождение ST05_02 logistic regression.
ST07_26_stage05_seed_stability_logistic_blas_4_vs_12_causal_diagnostic_validation,ST05_02_seed_stability_grid,miniboone_hgb_vs_logreg_average_precision_v01,openml_miniboone_41150,12,20260507,7,2,2,5,2,logistic_regression,control,not_applicable_control_model,numeric_particleid_0_49_locked,104051,26013,0.28062200267176673,0.2806289163110752,0.940735332334345,0.8726026549597137,0.8726026549597137,0.7765176784523016,0.8333035418202421,0.2813573494195045,0.08466123757994572,1.659623,0.029296,st07_25_stage05_seed_stability_candidate_outer_scores_v01.csv,7,7,true,st07_26_same_machine_causal_diagnostic,Разрешён только same-machine причинно-диагностический вывод о влиянии числа BLAS-потоков на расхождение ST05_02 logistic regression.
ST07_26_stage05_seed_stability_logistic_blas_4_vs_12_causal_diagnostic_validation,ST05_02_seed_stability_grid,miniboone_hgb_vs_logreg_average_precision_v01,openml_miniboone_41150,12,20260507,8,2,3,5,2,logistic_regression,control,not_applicable_control_model,numeric_particleid_0_49_locked,104051,26013,0.28062200267176673,0.2806289163110752,0.940313480702376,0.8668285583874658,0.8668285583874658,0.7785688073394496,0.836007171045841,0.28405348669145186,0.08532043974312026,1.891234,0.029428,st07_25_stage05_seed_stability_candidate_outer_scores_v01.csv,7,7,true,st07_26_same_machine_causal_diagnostic,Разрешён только same-machine причинно-диагностический вывод о влиянии числа BLAS-потоков на расхождение ST05_02 logistic regression.
ST07_26_stage05_seed_stability_logistic_blas_4_vs_12_causal_diagnostic_validation,ST05_02_seed_stability_grid,miniboone_hgb_vs_logreg_average_precision_v01,openml_miniboone_41150,12,20260507,9,2,4,5,2,logistic_regression,control,not_applicable_control_model,numeric_particleid_0_49_locked,104051,26013,0.28062200267176673,0.2806289163110752,0.9378433862914142,0.8669314430817366,0.8669314430817366,0.7759917416310279,0.8336915659687171,0.2873608932339703,0.08578759636507131,1.708226,0.02877,st07_25_stage05_seed_stability_candidate_outer_scores_v01.csv,7,7,true,st07_26_same_machine_causal_diagnostic,Разрешён только same-machine причинно-диагностический вывод о влиянии числа BLAS-потоков на расхождение ST05_02 logistic regression.
ST07_26_stage05_seed_stability_logistic_blas_4_vs_12_causal_diagnostic_validation,ST05_02_seed_stability_grid,miniboone_hgb_vs_logreg_average_precision_v01,openml_miniboone_41150,12,20260507,10,2,5,5,2,logistic_regression,control,not_applicable_control_model,numeric_particleid_0_49_locked,104052,26012,0.2806289163110752,0.28060126095648164,0.9387434543435932,0.8663538799182959,0.8663538799182959,0.7792111506524317,0.8350249062886571,0.2859225787458027,0.08549699083980597,1.421538,0.029144,st07_25_stage05_seed_stability_candidate_outer_scores_v01.csv,7,7,true,st07_26_same_machine_causal_diagnostic,Разрешён только same-machine причинно-диагностический вывод о влиянии числа BLAS-потоков на расхождение ST05_02 logistic regression.
ST07_26_stage05_seed_stability_logistic_blas_4_vs_12_causal_diagnostic_validation,ST05_02_seed_stability_grid,miniboone_hgb_vs_logreg_average_precision_v01,openml_miniboone_41150,12,20260517,1,1,1,5,2,logistic_regression,control,not_applicable_control_model,numeric_particleid_0_49_locked,104051,26013,0.28062200267176673,0.2806289163110752,0.9423384300270342,0.8701535229852082,0.8701535229852082,0.7816210635002582,0.8372945882614753,0.2804827080331527,0.08385562366036207,1.588967,0.02872,st07_25_stage05_seed_stability_candidate_outer_scores_v01.csv,7,7,true,st07_26_same_machine_causal_diagnostic,Разрешён только same-machine причинно-диагностический вывод о влиянии числа BLAS-потоков на расхождение ST05_02 logistic regression.
ST07_26_stage05_seed_stability_logistic_blas_4_vs_12_causal_diagnostic_validation,ST05_02_seed_stability_grid,miniboone_hgb_vs_logreg_average_precision_v01,openml_miniboone_41150,12,20260517,2,1,2,5,2,logistic_regression,control,not_applicable_control_model,numeric_particleid_0_49_locked,104051,26013,0.28062200267176673,0.2806289163110752,0.9385304699904616,0.866919601426861,0.866919601426861,0.779406348972527,0.8360519388396757,0.286022272550826,0.08574821310222068,1.553894,0.027956,st07_25_stage05_seed_stability_candidate_outer_scores_v01.csv,7,7,true,st07_26_same_machine_causal_diagnostic,Разрешён только same-machine причинно-диагностический вывод о влиянии числа BLAS-потоков на расхождение ST05_02 logistic regression.
ST07_26_stage05_seed_stability_logistic_blas_4_vs_12_causal_diagnostic_validation,ST05_02_seed_stability_grid,miniboone_hgb_vs_logreg_average_precision_v01,openml_miniboone_41150,12,20260517,3,1,3,5,2,logistic_regression,control,not_applicable_control_model,numeric_particleid_0_49_locked,104051,26013,0.28062200267176673,0.2806289163110752,0.93429125163153,0.8589999714031484,0.8589999714031484,0.7696078431372549,0.8285978504431393,0.2951841896976069,0.08796754128556673,1.726679,0.028768,st07_25_stage05_seed_stability_candidate_outer_scores_v01.csv,7,7,true,st07_26_same_machine_causal_diagnostic,Разрешён только same-machine причинно-диагностический вывод о влиянии числа BLAS-потоков на расхождение ST05_02 logistic regression.
ST07_26_stage05_seed_stability_logistic_blas_4_vs_12_causal_diagnostic_validation,ST05_02_seed_stability_grid,miniboone_hgb_vs_logreg_average_precision_v01,openml_miniboone_41150,12,20260517,4,1,4,5,2,logistic_regression,control,not_applicable_control_model,numeric_particleid_0_49_locked,104051,26013,0.28062200267176673,0.2806289163110752,0.9414886288852009,0.8722487129050166,0.8722487129050166,0.7768180140273163,0.8340505831049985,0.28096844962401724,0.08455897835321378,1.481781,0.02954,st07_25_stage05_seed_stability_candidate_outer_scores_v01.csv,7,7,true,st07_26_same_machine_causal_diagnostic,Разрешён только same-machine причинно-диагностический вывод о влиянии числа BLAS-потоков на расхождение ST05_02 logistic regression.
ST07_26_stage05_seed_stability_logistic_blas_4_vs_12_causal_diagnostic_validation,ST05_02_seed_stability_grid,miniboone_hgb_vs_logreg_average_precision_v01,openml_miniboone_41150,12,20260517,5,1,5,5,2,logistic_regression,control,not_applicable_control_model,numeric_particleid_0_49_locked,104052,26012,0.2806289163110752,0.28060126095648164,0.9405096944393067,0.869731645909666,0.869731645909666,0.7789085545722714,0.8355768801130674,0.2822244798470076,0.0847307998184507,1.528718,0.030351,st07_25_stage05_seed_stability_candidate_outer_scores_v01.csv,7,7,true,st07_26_same_machine_causal_diagnostic,Разрешён только same-machine причинно-диагностический вывод о влиянии числа BLAS-потоков на расхождение ST05_02 logistic regression.
ST07_26_stage05_seed_stability_logistic_blas_4_vs_12_causal_diagnostic_validation,ST05_02_seed_stability_grid,miniboone_hgb_vs_logreg_average_precision_v01,openml_miniboone_41150,12,20260517,6,2,1,5,2,logistic_regression,control,not_applicable_control_model,numeric_particleid_0_49_locked,104051,26013,0.28062200267176673,0.2806289163110752,0.9425766059636221,0.8737429374086013,0.8737429374086013,0.7786293623037428,0.8341216749911606,0.27911733718352105,0.08388970970814807,1.430664,0.028227,st07_25_stage05_seed_stability_candidate_outer_scores_v01.csv,7,7,true,st07_26_same_machine_causal_diagnostic,Разрешён только same-machine причинно-диагностический вывод о влиянии числа BLAS-потоков на расхождение ST05_02 logistic regression.
ST07_26_stage05_seed_stability_logistic_blas_4_vs_12_causal_diagnostic_validation,ST05_02_seed_stability_grid,miniboone_hgb_vs_logreg_average_precision_v01,openml_miniboone_41150,12,20260517,7,2,2,5,2,logistic_regression,control,not_applicable_control_model,numeric_particleid_0_49_locked,104051,26013,0.28062200267176673,0.2806289163110752,0.939617813855872,0.8707907204561424,0.8707907204561424,0.7743078626799557,0.8324319698634529,0.28259051794373635,0.08520251949188298,2.062589,0.028485,st07_25_stage05_seed_stability_candidate_outer_scores_v01.csv,7,7,true,st07_26_same_machine_causal_diagnostic,Разрешён только same-machine причинно-диагностический вывод о влиянии числа BLAS-потоков на расхождение ST05_02 logistic regression.
ST07_26_stage05_seed_stability_logistic_blas_4_vs_12_causal_diagnostic_validation,ST05_02_seed_stability_grid,miniboone_hgb_vs_logreg_average_precision_v01,openml_miniboone_41150,12,20260517,8,2,3,5,2,logistic_regression,control,not_applicable_control_model,numeric_particleid_0_49_locked,104051,26013,0.28062200267176673,0.2806289163110752,0.9381203016875677,0.8644753242974569,0.8644753242974569,0.7744881425835911,0.8328832055072695,0.28747209609459834,0.08615377561564685,1.488677,0.029551,st07_25_stage05_seed_stability_candidate_outer_scores_v01.csv,7,7,true,st07_26_same_machine_causal_diagnostic,Разрешён только same-machine причинно-диагностический вывод о влиянии числа BLAS-потоков на расхождение ST05_02 logistic regression.
ST07_26_stage05_seed_stability_logistic_blas_4_vs_12_causal_diagnostic_validation,ST05_02_seed_stability_grid,miniboone_hgb_vs_logreg_average_precision_v01,openml_miniboone_41150,12,20260517,9,2,4,5,2,logistic_regression,control,not_applicable_control_model,numeric_particleid_0_49_locked,104051,26013,0.28062200267176673,0.2806289163110752,0.9368306334545832,0.863558689830609,0.863558689830609,0.7780154924382147,0.8349259396990885,0.29020499831097235,0.08661039143631366,1.306449,0.028812,st07_25_stage05_seed_stability_candidate_outer_scores_v01.csv,7,7,true,st07_26_same_machine_causal_diagnostic,Разрешён только same-machine причинно-диагностический вывод о влиянии числа BLAS-потоков на расхождение ST05_02 logistic regression.
ST07_26_stage05_seed_stability_logistic_blas_4_vs_12_causal_diagnostic_validation,ST05_02_seed_stability_grid,miniboone_hgb_vs_logreg_average_precision_v01,openml_miniboone_41150,12,20260517,10,2,5,5,2,logistic_regression,control,not_applicable_control_model,numeric_particleid_0_49_locked,104052,26012,0.2806289163110752,0.28060126095648164,0.9390044397388442,0.8637988292699652,0.8637988292699652,0.7795611839198939,0.8362269385263679,0.2874530827819876,0.08563901915493155,1.779971,0.028166,st07_25_stage05_seed_stability_candidate_outer_scores_v01.csv,7,7,true,st07_26_same_machine_causal_diagnostic,Разрешён только same-machine причинно-диагностический вывод о влиянии числа BLAS-потоков на расхождение ST05_02 logistic regression.
ST07_26_stage05_seed_stability_logistic_blas_4_vs_12_causal_diagnostic_validation,ST05_02_seed_stability_grid,miniboone_hgb_vs_logreg_average_precision_v01,openml_miniboone_41150,12,20260527,1,1,1,5,2,logistic_regression,control,not_applicable_control_model,numeric_particleid_0_49_locked,104051,26013,0.28062200267176673,0.2806289163110752,0.9363506360313577,0.8625532247522705,0.8625532247522705,0.7722110888443554,0.8303568393227476,0.2900402389830407,0.08731677729809184,1.418809,0.027566,st07_25_stage05_seed_stability_candidate_outer_scores_v01.csv,7,7,true,st07_26_same_machine_causal_diagnostic,Разрешён только same-machine причинно-диагностический вывод о влиянии числа BLAS-потоков на расхождение ST05_02 logistic regression.
ST07_26_stage05_seed_stability_logistic_blas_4_vs_12_causal_diagnostic_validation,ST05_02_seed_stability_grid,miniboone_hgb_vs_logreg_average_precision_v01,openml_miniboone_41150,12,20260527,2,1,2,5,2,logistic_regression,control,not_applicable_control_model,numeric_particleid_0_49_locked,104051,26013,0.28062200267176673,0.2806289163110752,0.937664329756839,0.8654282667353643,0.8654282667353643,0.7746790615316512,0.8327627705887564,0.2874245600546172,0.08613139517444257,1.474195,0.028738,st07_25_stage05_seed_stability_candidate_outer_scores_v01.csv,7,7,true,st07_26_same_machine_causal_diagnostic,Разрешён только same-machine причинно-диагностический вывод о влиянии числа BLAS-потоков на расхождение ST05_02 logistic regression.
ST07_26_stage05_seed_stability_logistic_blas_4_vs_12_causal_diagnostic_validation,ST05_02_seed_stability_grid,miniboone_hgb_vs_logreg_average_precision_v01,openml_miniboone_41150,12,20260527,3,1,3,5,2,logistic_regression,control,not_applicable_control_model,numeric_particleid_0_49_locked,104051,26013,0.28062200267176673,0.2806289163110752,0.9411947668055831,0.8712941172149256,0.8712941172149256,0.7777943146301532,0.8335771191223741,0.28206225033201887,0.08462941103773468,1.745753,0.02885,st07_25_stage05_seed_stability_candidate_outer_scores_v01.csv,7,7,true,st07_26_same_machine_causal_diagnostic,Разрешён только same-machine причинно-диагностический вывод о влиянии числа BLAS-потоков на расхождение ST05_02 logistic regression.
ST07_26_stage05_seed_stability_logistic_blas_4_vs_12_causal_diagnostic_validation,ST05_02_seed_stability_grid,miniboone_hgb_vs_logreg_average_precision_v01,openml_miniboone_41150,12,20260527,4,1,4,5,2,logistic_regression,control,not_applicable_control_model,numeric_particleid_0_49_locked,104051,26013,0.28062200267176673,0.2806289163110752,0.9408136457769817,0.8710490581252844,0.8710490581252844,0.7828316120999048,0.8390675297884629,0.28225538623389923,0.0840409311215142,1.482705,0.031426,st07_25_stage05_seed_stability_candidate_outer_scores_v01.csv,7,7,true,st07_26_same_machine_causal_diagnostic,Разрешён только same-machine причинно-диагностический вывод о влиянии числа BLAS-потоков на расхождение ST05_02 logistic regression.
ST07_26_stage05_seed_stability_logistic_blas_4_vs_12_causal_diagnostic_validation,ST05_02_seed_stability_grid,miniboone_hgb_vs_logreg_average_precision_v01,openml_miniboone_41150,12,20260527,5,1,5,5,2,logistic_regression,control,not_applicable_control_model,numeric_particleid_0_49_locked,104052,26012,0.2806289163110752,0.28060126095648164,0.9400812836220399,0.8660620098978368,0.8660620098978368,0.7770728828562998,0.8343506506994005,0.2856364024111201,0.0856972487675451,1.52081,0.029315,st07_25_stage05_seed_stability_candidate_outer_scores_v01.csv,7,7,true,st07_26_same_machine_causal_diagnostic,Разрешён только same-machine причинно-диагностический вывод о влиянии числа BLAS-потоков на расхождение ST05_02 logistic regression.
ST07_26_stage05_seed_stability_logistic_blas_4_vs_12_causal_diagnostic_validation,ST05_02_seed_stability_grid,miniboone_hgb_vs_logreg_average_precision_v01,openml_miniboone_41150,12,20260527,6,2,1,5,2,logistic_regression,control,not_applicable_control_model,numeric_particleid_0_49_locked,104051,26013,0.28062200267176673,0.2806289163110752,0.9386962400323853,0.8673714639379331,0.8673714639379331,0.7767949284977149,0.8342511762023178,0.28554394602786476,0.08552301399190931,1.342759,0.028696,st07_25_stage05_seed_stability_candidate_outer_scores_v01.csv,7,7,true,st07_26_same_machine_causal_diagnostic,Разрешён только same-machine причинно-диагностический вывод о влиянии числа BLAS-потоков на расхождение ST05_02 logistic regression.
ST07_26_stage05_seed_stability_logistic_blas_4_vs_12_causal_diagnostic_validation,ST05_02_seed_stability_grid,miniboone_hgb_vs_logreg_average_precision_v01,openml_miniboone_41150,12,20260527,7,2,2,5,2,logistic_regression,control,not_applicable_control_model,numeric_particleid_0_49_locked,104051,26013,0.28062200267176673,0.2806289163110752,0.9393650740200389,0.8679570904298952,0.8679570904298952,0.7771951849937228,0.8342526732203603,0.28492877497002334,0.08553644285911374,1.544225,0.031138,st07_25_stage05_seed_stability_candidate_outer_scores_v01.csv,7,7,true,st07_26_same_machine_causal_diagnostic,Разрешён только same-machine причинно-диагностический вывод о влиянии числа BLAS-потоков на расхождение ST05_02 logistic regression.
ST07_26_stage05_seed_stability_logistic_blas_4_vs_12_causal_diagnostic_validation,ST05_02_seed_stability_grid,miniboone_hgb_vs_logreg_average_precision_v01,openml_miniboone_41150,12,20260527,8,2,3,5,2,logistic_regression,control,not_applicable_control_model,numeric_particleid_0_49_locked,104051,26013,0.28062200267176673,0.2806289163110752,0.9394304926104408,0.8668901428080124,0.8668901428080124,0.7756400769572296,0.8329746334135891,0.2859647266785124,0.0855773515242252,1.657999,0.029837,st07_25_stage05_seed_stability_candidate_outer_scores_v01.csv,7,7,true,st07_26_same_machine_causal_diagnostic,Разрешён только same-machine причинно-диагностический вывод о влиянии числа BLAS-потоков на расхождение ST05_02 logistic regression.
ST07_26_stage05_seed_stability_logistic_blas_4_vs_12_causal_diagnostic_validation,ST05_02_seed_stability_grid,miniboone_hgb_vs_logreg_average_precision_v01,openml_miniboone_41150,12,20260527,9,2,4,5,2,logistic_regression,control,not_applicable_control_model,numeric_particleid_0_49_locked,104051,26013,0.28062200267176673,0.2806289163110752,0.9407276276326837,0.8651123844337543,0.8651123844337543,0.7795461243737106,0.8360903232607322,0.2852812092279336,0.08502738401706837,1.795604,0.027847,st07_25_stage05_seed_stability_candidate_outer_scores_v01.csv,7,7,true,st07_26_same_machine_causal_diagnostic,Разрешён только same-machine причинно-диагностический вывод о влиянии числа BLAS-потоков на расхождение ST05_02 logistic regression.
ST07_26_stage05_seed_stability_logistic_blas_4_vs_12_causal_diagnostic_validation,ST05_02_seed_stability_grid,miniboone_hgb_vs_logreg_average_precision_v01,openml_miniboone_41150,12,20260527,10,2,5,5,2,logistic_regression,control,not_applicable_control_model,numeric_particleid_0_49_locked,104052,26012,0.2806289163110752,0.28060126095648164,0.9381024488222955,0.8692274668561222,0.8692274668561222,0.777498521584861,0.8343370182813581,0.28479950464177684,0.0857577965312362,1.534132,0.029365,st07_25_stage05_seed_stability_candidate_outer_scores_v01.csv,7,7,true,st07_26_same_machine_causal_diagnostic,Разрешён только same-machine причинно-диагностический вывод о влиянии числа BLAS-потоков на расхождение ST05_02 logistic regression.
ST07_26_stage05_seed_stability_logistic_blas_4_vs_12_causal_diagnostic_validation,ST05_02_seed_stability_grid,miniboone_hgb_vs_logreg_average_precision_v01,openml_miniboone_41150,12,20260606,1,1,1,5,2,logistic_regression,control,not_applicable_control_model,numeric_particleid_0_49_locked,104051,26013,0.28062200267176673,0.2806289163110752,0.9373403150253029,0.8644613752190958,0.8644613752190958,0.7733804996683618,0.8320763420638645,0.28778519691825827,0.08657740032716921,1.566488,0.028808,st07_25_stage05_seed_stability_candidate_outer_scores_v01.csv,7,7,true,st07_26_same_machine_causal_diagnostic,Разрешён только same-machine причинно-диагностический вывод о влиянии числа BLAS-потоков на расхождение ST05_02 logistic regression.
ST07_26_stage05_seed_stability_logistic_blas_4_vs_12_causal_diagnostic_validation,ST05_02_seed_stability_grid,miniboone_hgb_vs_logreg_average_precision_v01,openml_miniboone_41150,12,20260606,2,1,2,5,2,logistic_regression,control,not_applicable_control_model,numeric_particleid_0_49_locked,104051,26013,0.28062200267176673,0.2806289163110752,0.9380833008186383,0.8657336889404326,0.8657336889404326,0.7767349050328874,0.833853379344372,0.28691141275406307,0.08587837758134377,1.771644,0.028527,st07_25_stage05_seed_stability_candidate_outer_scores_v01.csv,7,7,true,st07_26_same_machine_causal_diagnostic,Разрешён только same-machine причинно-диагностический вывод о влиянии числа BLAS-потоков на расхождение ST05_02 logistic regression.
ST07_26_stage05_seed_stability_logistic_blas_4_vs_12_causal_diagnostic_validation,ST05_02_seed_stability_grid,miniboone_hgb_vs_logreg_average_precision_v01,openml_miniboone_41150,12,20260606,3,1,3,5,2,logistic_regression,control,not_applicable_control_model,numeric_particleid_0_49_locked,104051,26013,0.28062200267176673,0.2806289163110752,0.9393818816162524,0.866328280568049,0.866328280568049,0.7767191077627594,0.8339252618317499,0.28521470231320406,0.08564137466539747,1.404083,0.029481,st07_25_stage05_seed_stability_candidate_outer_scores_v01.csv,7,7,true,st07_26_same_machine_causal_diagnostic,Разрешён только same-machine причинно-диагностический вывод о влиянии числа BLAS-потоков на расхождение ST05_02 logistic regression.
ST07_26_stage05_seed_stability_logistic_blas_4_vs_12_causal_diagnostic_validation,ST05_02_seed_stability_grid,miniboone_hgb_vs_logreg_average_precision_v01,openml_miniboone_41150,12,20260606,4,1,4,5,2,logistic_regression,control,not_applicable_control_model,numeric_particleid_0_49_locked,104051,26013,0.28062200267176673,0.2806289163110752,0.9418813014760085,0.8692509560917504,0.8692509560917504,0.7814413218263627,0.8371576019601055,0.2825751963318958,0.08437261132947999,1.556329,0.028542,st07_25_stage05_seed_stability_candidate_outer_scores_v01.csv,7,7,true,st07_26_same_machine_causal_diagnostic,Разрешён только same-machine причинно-диагностический вывод о влиянии числа BLAS-потоков на расхождение ST05_02 logistic regression.
ST07_26_stage05_seed_stability_logistic_blas_4_vs_12_causal_diagnostic_validation,ST05_02_seed_stability_grid,miniboone_hgb_vs_logreg_average_precision_v01,openml_miniboone_41150,12,20260606,5,1,5,5,2,logistic_regression,control,not_applicable_control_model,numeric_particleid_0_49_locked,104052,26012,0.2806289163110752,0.28060126095648164,0.9409407043480904,0.8730713708517737,0.8730713708517737,0.7798890942698706,0.8358455053731019,0.28154708830387004,0.08425187400705475,1.89373,0.027956,st07_25_stage05_seed_stability_candidate_outer_scores_v01.csv,7,7,true,st07_26_same_machine_causal_diagnostic,Разрешён только same-machine причинно-диагностический вывод о влиянии числа BLAS-потоков на расхождение ST05_02 logistic regression.
ST07_26_stage05_seed_stability_logistic_blas_4_vs_12_causal_diagnostic_validation,ST05_02_seed_stability_grid,miniboone_hgb_vs_logreg_average_precision_v01,openml_miniboone_41150,12,20260606,6,2,1,5,2,logistic_regression,control,not_applicable_control_model,numeric_particleid_0_49_locked,104051,26013,0.28062200267176673,0.2806289163110752,0.9394864605881633,0.8700042054613849,0.8700042054613849,0.7783287691510621,0.8346734048339408,0.2836430566316853,0.08485965399415292,1.302351,0.027822,st07_25_stage05_seed_stability_candidate_outer_scores_v01.csv,7,7,true,st07_26_same_machine_causal_diagnostic,Разрешён только same-machine причинно-диагностический вывод о влиянии числа BLAS-потоков на расхождение ST05_02 logistic regression.
ST07_26_stage05_seed_stability_logistic_blas_4_vs_12_causal_diagnostic_validation,ST05_02_seed_stability_grid,miniboone_hgb_vs_logreg_average_precision_v01,openml_miniboone_41150,12,20260606,7,2,2,5,2,logistic_regression,control,not_applicable_control_model,numeric_particleid_0_49_locked,104051,26013,0.28062200267176673,0.2806289163110752,0.9403221187526949,0.8673028077482735,0.8673028077482735,0.7787869909170817,0.8364282979600293,0.28356715995167897,0.08492275912464979,1.480057,0.027671,st07_25_stage05_seed_stability_candidate_outer_scores_v01.csv,7,7,true,st07_26_same_machine_causal_diagnostic,Разрешён только same-machine причинно-диагностический вывод о влиянии числа BLAS-потоков на расхождение ST05_02 logistic regression.
ST07_26_stage05_seed_stability_logistic_blas_4_vs_12_causal_diagnostic_validation,ST05_02_seed_stability_grid,miniboone_hgb_vs_logreg_average_precision_v01,openml_miniboone_41150,12,20260606,8,2,3,5,2,logistic_regression,control,not_applicable_control_model,numeric_particleid_0_49_locked,104051,26013,0.28062200267176673,0.2806289163110752,0.938803743496756,0.8684803307546081,0.8684803307546081,0.7775551102204409,0.8337844908930793,0.285915497059165,0.08576488399402155,1.773854,0.053593,st07_25_stage05_seed_stability_candidate_outer_scores_v01.csv,7,7,true,st07_26_same_machine_causal_diagnostic,Разрешён только same-machine причинно-диагностический вывод о влиянии числа BLAS-потоков на расхождение ST05_02 logistic regression.
ST07_26_stage05_seed_stability_logistic_blas_4_vs_12_causal_diagnostic_validation,ST05_02_seed_stability_grid,miniboone_hgb_vs_logreg_average_precision_v01,openml_miniboone_41150,12,20260606,9,2,4,5,2,logistic_regression,control,not_applicable_control_model,numeric_particleid_0_49_locked,104051,26013,0.28062200267176673,0.2806289163110752,0.9401214085292693,0.8691533678391837,0.8691533678391837,0.7787532275912947,0.83540200241719,0.28344728158938265,0.0849828397644199,1.7884,0.029728,st07_25_stage05_seed_stability_candidate_outer_scores_v01.csv,7,7,true,st07_26_same_machine_causal_diagnostic,Разрешён только same-machine причинно-диагностический вывод о влиянии числа BLAS-потоков на расхождение ST05_02 logistic regression.
ST07_26_stage05_seed_stability_logistic_blas_4_vs_12_causal_diagnostic_validation,ST05_02_seed_stability_grid,miniboone_hgb_vs_logreg_average_precision_v01,openml_miniboone_41150,12,20260606,10,2,5,5,2,logistic_regression,control,not_applicable_control_model,numeric_particleid_0_49_locked,104052,26012,0.2806289163110752,0.28060126095648164,0.9385307315153326,0.8631844205311682,0.8631844205311682,0.7747000444378611,0.8322702865993323,0.28859211816709107,0.08644508336561002,1.440544,0.035509,st07_25_stage05_seed_stability_candidate_outer_scores_v01.csv,7,7,true,st07_26_same_machine_causal_diagnostic,Разрешён только same-machine причинно-диагностический вывод о влиянии числа BLAS-потоков на расхождение ST05_02 logistic regression.
ST07_26_stage05_seed_stability_logistic_blas_4_vs_12_causal_diagnostic_validation,ST05_02_seed_stability_grid,miniboone_hgb_vs_logreg_average_precision_v01,openml_miniboone_41150,12,20260616,1,1,1,5,2,logistic_regression,control,not_applicable_control_model,numeric_particleid_0_49_locked,104051,26013,0.28062200267176673,0.2806289163110752,0.9397406974420391,0.869027991339509,0.869027991339509,0.7786485287594263,0.8350343142888725,0.2838983319247653,0.08500427763980571,1.45785,0.029932,st07_25_stage05_seed_stability_candidate_outer_scores_v01.csv,7,7,true,st07_26_same_machine_causal_diagnostic,Разрешён только same-machine причинно-диагностический вывод о влиянии числа BLAS-потоков на расхождение ST05_02 logistic regression.
ST07_26_stage05_seed_stability_logistic_blas_4_vs_12_causal_diagnostic_validation,ST05_02_seed_stability_grid,miniboone_hgb_vs_logreg_average_precision_v01,openml_miniboone_41150,12,20260616,2,1,2,5,2,logistic_regression,control,not_applicable_control_model,numeric_particleid_0_49_locked,104051,26013,0.28062200267176673,0.2806289163110752,0.9390521643074297,0.865946307090645,0.865946307090645,0.7763837638376384,0.8338217735967012,0.2873179598658573,0.08574298066856191,1.602,0.028135,st07_25_stage05_seed_stability_candidate_outer_scores_v01.csv,7,7,true,st07_26_same_machine_causal_diagnostic,Разрешён только same-machine причинно-диагностический вывод о влиянии числа BLAS-потоков на расхождение ST05_02 logistic regression.
ST07_26_stage05_seed_stability_logistic_blas_4_vs_12_causal_diagnostic_validation,ST05_02_seed_stability_grid,miniboone_hgb_vs_logreg_average_precision_v01,openml_miniboone_41150,12,20260616,3,1,3,5,2,logistic_regression,control,not_applicable_control_model,numeric_particleid_0_49_locked,104051,26013,0.28062200267176673,0.2806289163110752,0.9384512634612667,0.8672401793193052,0.8672401793193052,0.7739776951672862,0.8312570229911226,0.2861646554572086,0.08576121432439626,1.705364,0.028151,st07_25_stage05_seed_stability_candidate_outer_scores_v01.csv,7,7,true,st07_26_same_machine_causal_diagnostic,Разрешён только same-machine причинно-диагностический вывод о влиянии числа BLAS-потоков на расхождение ST05_02 logistic regression.
ST07_26_stage05_seed_stability_logistic_blas_4_vs_12_causal_diagnostic_validation,ST05_02_seed_stability_grid,miniboone_hgb_vs_logreg_average_precision_v01,openml_miniboone_41150,12,20260616,4,1,4,5,2,logistic_regression,control,not_applicable_control_model,numeric_particleid_0_49_locked,104051,26013,0.28062200267176673,0.2806289163110752,0.942721974101954,0.8733681405548239,0.8733681405548239,0.7841351450605949,0.8395115914582859,0.2786478472273834,0.08336025468379703,1.779884,0.029167,st07_25_stage05_seed_stability_candidate_outer_scores_v01.csv,7,7,true,st07_26_same_machine_causal_diagnostic,Разрешён только same-machine причинно-диагностический вывод о влиянии числа BLAS-потоков на расхождение ST05_02 logistic regression.
ST07_26_stage05_seed_stability_logistic_blas_4_vs_12_causal_diagnostic_validation,ST05_02_seed_stability_grid,miniboone_hgb_vs_logreg_average_precision_v01,openml_miniboone_41150,12,20260616,5,1,5,5,2,logistic_regression,control,not_applicable_control_model,numeric_particleid_0_49_locked,104052,26012,0.2806289163110752,0.28060126095648164,0.9367380831855274,0.8615780836245669,0.8615780836245669,0.774298135730602,0.8327119747474904,0.2900922403245853,0.08742175716618301,1.803896,0.028844,st07_25_stage05_seed_stability_candidate_outer_scores_v01.csv,7,7,true,st07_26_same_machine_causal_diagnostic,Разрешён только same-machine причинно-диагностический вывод о влиянии числа BLAS-потоков на расхождение ST05_02 logistic regression.
ST07_26_stage05_seed_stability_logistic_blas_4_vs_12_causal_diagnostic_validation,ST05_02_seed_stability_grid,miniboone_hgb_vs_logreg_average_precision_v01,openml_miniboone_41150,12,20260616,6,2,1,5,2,logistic_regression,control,not_applicable_control_model,numeric_particleid_0_49_locked,104051,26013,0.28062200267176673,0.2806289163110752,0.9399908312220132,0.8688662359399926,0.8688662359399926,0.7805633387405987,0.8366431548209471,0.28431288683423545,0.08482059107136736,1.461096,0.027612,st07_25_stage05_seed_stability_candidate_outer_scores_v01.csv,7,7,true,st07_26_same_machine_causal_diagnostic,Разрешён только same-machine причинно-диагностический вывод о влиянии числа BLAS-потоков на расхождение ST05_02 logistic regression.
ST07_26_stage05_seed_stability_logistic_blas_4_vs_12_causal_diagnostic_validation,ST05_02_seed_stability_grid,miniboone_hgb_vs_logreg_average_precision_v01,openml_miniboone_41150,12,20260616,7,2,2,5,2,logistic_regression,control,not_applicable_control_model,numeric_particleid_0_49_locked,104051,26013,0.28062200267176673,0.2806289163110752,0.9384931872868394,0.8655988624320872,0.8655988624320872,0.769390633118088,0.8285478009939614,0.2864152351572831,0.08628272374958092,1.568725,0.028831,st07_25_stage05_seed_stability_candidate_outer_scores_v01.csv,7,7,true,st07_26_same_machine_causal_diagnostic,Разрешён только same-machine причинно-диагностический вывод о влиянии числа BLAS-потоков на расхождение ST05_02 logistic regression.
ST07_26_stage05_seed_stability_logistic_blas_4_vs_12_causal_diagnostic_validation,ST05_02_seed_stability_grid,miniboone_hgb_vs_logreg_average_precision_v01,openml_miniboone_41150,12,20260616,8,2,3,5,2,logistic_regression,control,not_applicable_control_model,numeric_particleid_0_49_locked,104051,26013,0.28062200267176673,0.2806289163110752,0.9399988799816112,0.8717728981392094,0.8717728981392094,0.7808571638609131,0.8372614854957618,0.28182464686817416,0.08482660760598969,1.330558,0.028656,st07_25_stage05_seed_stability_candidate_outer_scores_v01.csv,7,7,true,st07_26_same_machine_causal_diagnostic,Разрешён только same-machine причинно-диагностический вывод о влиянии числа BLAS-потоков на расхождение ST05_02 logistic regression.
ST07_26_stage05_seed_stability_logistic_blas_4_vs_12_causal_diagnostic_validation,ST05_02_seed_stability_grid,miniboone_hgb_vs_logreg_average_precision_v01,openml_miniboone_41150,12,20260616,9,2,4,5,2,logistic_regression,control,not_applicable_control_model,numeric_particleid_0_49_locked,104051,26013,0.28062200267176673,0.2806289163110752,0.9365435427279695,0.8590870545401033,0.8590870545401033,0.7744837758112094,0.8326976667747643,0.29280857825688156,0.08707467585819115,1.36664,0.041966,st07_25_stage05_seed_stability_candidate_outer_scores_v01.csv,7,7,true,st07_26_same_machine_causal_diagnostic,Разрешён только same-machine причинно-диагностический вывод о влиянии числа BLAS-потоков на расхождение ST05_02 logistic regression.
ST07_26_stage05_seed_stability_logistic_blas_4_vs_12_causal_diagnostic_validation,ST05_02_seed_stability_grid,miniboone_hgb_vs_logreg_average_precision_v01,openml_miniboone_41150,12,20260616,10,2,5,5,2,logistic_regression,control,not_applicable_control_model,numeric_particleid_0_49_locked,104052,26012,0.2806289163110752,0.28060126095648164,0.9410512572548789,0.8708968474294491,0.8708968474294491,0.778821267470236,0.8351371687387393,0.2816371101434936,0.08457395665729808,1.857812,0.028579,st07_25_stage05_seed_stability_candidate_outer_scores_v01.csv,7,7,true,st07_26_same_machine_causal_diagnostic,Разрешён только same-machine причинно-диагностический вывод о влиянии числа BLAS-потоков на расхождение ST05_02 logistic regression.
